DESCRIPCION,CODIGO
WHITE,0001
BLACK,0002
BPT,0003
ANIS TRUFFLE,0004
BEIGE,0005
AQUA/SALMON,0006
BLUE,0007
MALVA,0008
SAND,0009
TAUPE,0010
CAMEL,0011
CAOBA,0012
CAFÉ CLARO,0013
CACAO,0014
TABACO,0015
CHOCOLATE,0016
MARRON,0017
CAFÉ,0018
TERRACOTA,0019
LADRILLO,0020
ROSADO,0021
PALO DE ROSA,0022
CORAL,0023
SALMON,0024
ROSA VIEJO,0025
NATURAL,0026
MANDARINA,0027
NARANJA,0028
NARANJA OSCURO,0029
MOSTAZA,0030
MIEL,0031
LILA,0032
MAGENTA,0033
MORADO,0034
MORADO OBISPO,0035
FUCHSIA,0036
MORA EN LECHE,0037
VIOLET,0038
CHERRY,0039
PURPURA,0040
UVA,0041
BERENJENA,0042
CEREZA,0043
ROJO,0044
ROJO ESCARLATA,0045
ROJO OSCURO,0046
BORGOÑA,0047
VINOTINTO,0048
VERDE TURQUESA,0049
AMARILLO,0050
PALE ROSE,0051
RUST,0052
CITRINE,0053
VERDE JADE,0054
VERDE,0055
VERDE CLARO,0056
VERDE LIMON,0057
VERDE OLIVA,0058
VERDE PETROLEO,0059
VERDE PISTACHO,0060
VERDE AGUAMARINA,0061
VERDE MILITAR,0062
AZUL,0063
AZUL TURQUEZA,0064
AZUL PETROLEO,0065
AZUL REY,0066
AZUL TURQUI,0067
AZUL VIOLETA,0068
AZUL ROYAL,0069
AZUL AGUAMARINA,0070
AZUL COBALTO,0071
AZUL CLARO,0072
GRIS,0073
GRIS CLARO,0074
GRIS MEDIO,0075
GRIS OSCURO,0076
GRIS PLOMO,0077
CARBON,0078
GRIS MEDIO JASPEADO,0079
COBRE,0080
DORADO,0081
PLATEADO,0082
OCRE,0083
BRONCE,0084
TRANSPARENTE,0085
MULTICOLOR,0086
VERDE ESMERALDA,0087
PETROLEO,0088
CURUBA,0089
AZUL ELECTRICO,0090
TURQUEZA,0091
NUDE,0092
VAINILLA OAK,0093
CEDA LIME,0094
AZUL OSCURO,0095
MARSALA,0096
VERDE MENTA,0097
PLUM,0098
TEAL,0099
COPPERTAN,0100
DANDELION,0101
CINNAMON,0102
CAMOUFLAGE,0103
CELESTE,0104
FIRE RED,0105
PEACHNOUGAT,0106
ROSETTE,0107
DESERT MIST,0108
MONK ORANGE,0109
SOFT OLIVE,0110
PORCELAIN/GREEN,0111
CASIS,0112
CAMEL/NECTARINE,0113
CHESNUT,0114
MOROCCAN,0115
EARTH,0116
CAMPARI,0117
SOFT PEACH,0118
GOLD ROSE,0119
VANILLA,0120
SOFT MONK,0121
ALMOND,0122
ECRU,0123
DESERT ROSE,0124
CHARCOAL,0125
MORROCAN BLUE,0126
PEWTER,0127
NECTARINE,0128
COPPER,0129
OFF WHITE,0130
TOBACCO,0131
JADE MIST,0132
IVORY,0133
OLD ROSE,0134
DIJON,0135
AZUL DENIM,0136
BURGUNDY,0137
BLUSH,0138
TARTAN,0139
AVELLANA,0140
KHAKI,0141
NEUTRAL,0142
PRINT,0143
METALLIC,0144
NIGHTS IN CALI,0145
SOFT GRAY,0146
PALOSANTO,0147
LEOPARD DUST,0148
DEEP CERULEAN,0149
CLASSIC LEOPARD,0150
PISTACHIO,0151
CAFFE MOCHA,0152
PERSIAN MAGENTA,0153
MEN'S BLUE,0154
POISON GREEN,0155
DESERT SPICE,0156
LEOPARD BLUSH,0157
MYSTIC GRAY,0158
INDIGO,0159
DIJON MUSTARD,0160
LEOPARD,0161
SLATEBLUE,0162
CHILI PEPPER,0163
SANGRIA,0164
SMOKE,0165
REDWOOD,0166
PETAL,0167
TRUFFLE,0168
MAPLE,0169
TURMERIC,0170
ANISROSÉ,0171
WASABI MIST,0172
RUBY FIESTA,0173
MARIGOLD,0174
COCO DE MER,0175
MATCHA LATTE,0176
SOFT NUDE,0177
AQUA,0178
APRICOT,0179
VIOLET FOG,0180
HUSBAND BLUE,0181
POMEGRANATE,0182
SANGRIA/ECRU,0183
CHILI PEPPER/ECRU,0184
ANIS/CHILI PEPPER,0185
CAMEL/VINOTINTO,0186
BLACK/ECRU,0187
AQUA/TRUFFLE,0188
ECRU/COCODEMER,0189
CAMPARI/CHESNUT,0190
MILITARYGREEN/SOFTNUDE,0191
GOLD/MILITARYGREEN,0192
BLUSH/SANGRIA,0193
TURMERIC/VIOLET FOG,0194
MILITARY GREEN/ECRU,0195
CAMUFLAGE STRIPES,0196
GOLD,0197
VIOLET FOG/CHILI PEPPER,0198
ANIS/TRUFFLE,0199
CHILI PEPPER/TRUFFLE,0200
FIESTA RUBY/ECRU,0201
TRUFFLE/PLUM,0202
ECRU/MILITARY GREEN,0203
COCO DE MER/MILITARY GREEN,0204
PITON,0205
COSMIC SAPHIRE,0206
APRICOT SORBET,0207
PINK DUSK,0208
BITTERSWEET ROSE,0209
LYCHEE FIZZ,0210
COPPER CARAMEL,0211
TOASTED PETAL,0212
HAVANA RUM,0213
SUMMER MUSTARD,0214
WHISKEY SOUR DAYS,0215
LEMONADE,0216
FIERCE MAGENTA,0217
SPRING CAMELLIA,0218
PINK EXTRAVAGANZA,0219
PETUNIA PUNCH,0220
SUCCULENT GREEN,0221
AQUA DEPTHS,0222
SUNKISSED AQUA,0223
CRUISE WHITE,0224
LILAC SAND,0225
ORCHID HAZE,0226
AMETHYST,0227
ZEN HUSBAND BLUE,0228
INDIGO BLUE,0229
MIDNIGHT BY THE SEA,0230
ANTIQUE ECRU,0231
MINT FOAM,0232
SPEAK SALSA RED,0233
AFTER SALSA RED,0234
SALSA DISCO RED,0235
GUAJIRA NUDE,0236
SANDSTONE,0237
CARAMEL,0238
DEEP TERRACOTA,0239
FRESH LEMONADE,0240
MINT,0241
DELIRIUM GREEN,0242
MIDNIGHT BY THE RIVER,0243
PINK SALT,0244
VINTAGE ECRU,0245
DARK NUDE,0246
BUBBLE (RUM),0247
PACIFICO BLUE,0248
DRUNKEN BLUE,0249
BROWN,0250
MILITARY GREEN,0251
CELESTE BLUE,0252
SILVER,0253
NAVY,0254
TANGERINE,0255
MIDNIGHT IN PARIS,0256
CANOA MATCHA/AQUA,0257
ROSE,0258
RUBY FIESTA/ANIS,0259
COCO DE MER/AQUA,0260
SALMON/POMEGRANATE,0261
CANOA SANGRIA/ECRU,0262
SANGRIA/BLUSH,0263
CREMA,0264
CANOA TURMERIC/ECRU,0265
LILAC,0266
BABY PAPAYA,0267
BLUE STRIPE,0268
NOIR MUSTARD,0269
ACQUA/PINSTRIPE,0270
NAVY PINSTRIPE,0271
NAVY/WHITE/REDMAN,0272
LIGHT BLUE,0273
ACQUA/WETLAND,0274
LILACC STRIPES,0275
NAVY STRIPES,0276
RUST/PINK,0277
AZAFRAN RED,0278
OFF WHITE/BLACK,0279
MILITAR GREEN,0280
ACQUA/BLUSH,0281
BLUSH/OFF WHITE,0282
OFF WHITE STRIPES/MILITAR GREEN,0283
BLUE RUST,0284
HIVER YELLOW,0285
CELESTE/OFF WHITE,0286
AZAFRAN/OFF WHITE,0287
NAVY/OFF WHITE,0288
CABERNET,0289
OFFWHIBLA,0290
WHITE/BLUE STRIPES,0291
CABERNET/OFF WHITE,0292
MINT/MAGENTA,0293
YUPPIE STRIPES,0294
CHILI RED SUCULENTA,0295
CHILI RED/WESTERN WHITE TARTAN,0296
WESTERN WHITE,0297
DESIERTO BEIGE/WESTERN WHITE,0298
WESTERN WHITE/NAVY,0299
MIDNIGTH NAVY/TARTAN,0300
NIGHT BLACK/IVORY STRIPES,0301
PEACH/BLACK ETHNIC DOTS,0302
FLAMINGO RED STRIPES,0303
NIGHT BLACK STRIPES,0304
CELESTE/WHITE STRIPES,0305
SPICY RED,0306
CELESTE/MAGENTA ACACIA TREE PRINT,0307
MAUVE/WHITE AMAZONIA PRINT,0308
CELESTE/WHITE AMAZONIA PRINT,0309
RENAISSANCE VICTORIAN RED,0310
HONEY STRIPES,0311
CHAMPAGNE,0312
POLKA DOTS,0313
RENAISSANCE ROSE,0314
CAMEL/IVORY,0315
BLACK/OFF WHITE,0316
MARSALA/ECRU,0317
PALE BLUSH,0318
MIDNIGHT/KLIM BEIGE,0319
CAMEL/OLD ROSE,0320
SKY BLUE,0321
NIGHTS IN CALI BLACK,0322
BURNT UMBER,0323
YELLOW PASTEL,0324
BLUE/JADE,0325
FOGGY JADE,0326
GREEN MILITAR,0327
BLUE PINSTRIPE,0328
NAVY BLUE STRIPE,0329
RENNAISSANCE POTTERY BLUE,0330
RENNAISSANCE ROSE,0331
MENS BLUE,0332
AGAVE WASHED BLUE DENIM,0333
CELESTE/RUST AMAZONIA PRINT,0334
NIGHT BLACK LIFE IN THE TROPICS,0335
TEAL/IVORY MAXI TANGLED GARDEN,0336
SAPPHIRE,0337
LAVA RED,0338
KILIM BEIGE,0339
BLUE GOLD WHITE TAUPE,0340
COCO DE MER/HUSBAND BLUE,0341
MAPLE/SMOKE,0342
OLDROSCABERCHIN,0343
MOSS,0344
HONEY,0345
ECRU BLACK,0346
BLUE/PINK STRIPE,0347
RED,0348
CELESTE/SALMON,0349
GREEN,0350
CELESTE/CORAL,0351
CERULEAN/MUSTARD,0352
CELESTE MAGENTA,0353
CABERNETPRILY,0354
MIDNIGHTPRINTLY,0355
WESTERN WHITE/NAVY BOTTOM,0356
CABERNOFFWSTRPRLY,0357
CELESTEMAGENCOQ,0358
MENBLUEPINESTRIPRL,0359
MIDNIGHTPRINTEDLY,0360
SILVERPRINTED LYCRA,0361
NIGHT BLACK,0362
BLACK TOURMALINE,0363
VICTORIAN CEREZO NAVY,0364
MARSALA/OFF WHITE,0365
RED MAN,0366
OFF WH BLUE,0367
TURQUIOSE,0368
WHEAT,0369
KHAKI/ECRU,0370
BUBBLE GUM,0371
CHERRY/OLD ROSE,0372
CELESTE CORAL,0373
DENIM,0374
JADECABERNEPLACOQU,0375
CHERRY/BLACK,0376
OLDROSECABERNECOQUEL,0377
CELESTEMAGECOQ,0378
CERULEAN,0379
ZAPHIRESILVERCOQUE,0380
BLACKZAPHIRE,0381
PEWTERNAVYLILIFEA,0382
MENCHARCOALGRAYPRIN,0383
BLACK/GOLD,0384
NAVY BLUE,0385
SHIMMERY GOLD,0386
BLACK TEXAN GARDEN PLAID,0387
AGRAVE BLUE,0388
GOLD SUCULENTA,0389
CHESNUT/BURNT UMBER,0390
PINK TROPICAL CHINOISERIE,0391
IVORY/TROPICAL CHINOISERIE,0392
CHESNUT GARDEN/VERDE JADE,0393
MIDNIGHT/SILVER TANGLED GARDEN,0394
CHESTNUT STRIPES,0395
JADE BLACK MAXI STRIPES,0396
CELESTE/BLACKPOLKADOTS,0397
HAZELNUT,0398
PAISLEY ANTIQUE SKY,0399
CAMEL/TANGERINE,0400
DANDELION CAMEL,0401
BLACK/CAMEL,0402
FLAMEORANGE/CAMEL,0403
CAMPARI/ECRU,0404
MILITARY,0405
ANIS/REDWOOD,0406
SOFT NUDE/MILITARY GREEN,0407
CHILI PEPPER/ROSE,0408
CHILI RED/ROSE SUCULENTA,0409
MENS BLUE ECRU,0410
SOFT PEACH AQUA,0411
STRIPES JADE,0412
CAMEL LILACC,0413
LILACC NAVY STRIP,0414
ECRU/KHAKI,0415
MENGRAYPRINSTRIP,0416
GRAY,0417
RUST/GREEN/RED,0418
GREEN/IVORY,0419
ECRU/CARMINE RED,0420
GREEN CLARO,0421
DEEPSTONE,0422
LICORICE,0423
CHILLI PEPPER,0424
SMOKE/ECRU,0425
OFF WHITE/CAMEL,0426
CHILLI PEPPER/CAMEL,0427
PINK,0428
CHOCOLATE/MAGENTA,0429
NAVYWH/RED MAN,0430
PINKWH/REDMAN,0431
LILAC STRIP,0432
GREEN STRIPE,0433
CHILLI PEPPER RED/SALMON,0434
MEN GRAYPRINSTRIPE,0435
MENS GRAY PRINSTRIPE,0436
OLDROSECABERNECOQUE,0437
OLDROSECABERNPLACCOQ,0438
CELESTEMAGENTACOQUE,0439
CAMPANILLAPEWTERNAVYLILI,0440
MOSS GREEN,0441
ZAPHIRESILVERCOQUELI,0442
WASHED BLUE,0443
WETLAND ECRU,0444
SILVER/GOLD,0445
FIESTA RED DESERT TILES,0446
LAVA RED/SAND DESERT TILES,0447
AMANECER RUST/WHITE STRIPES,0448
CHILI RED/WESTERN WHITE STRIPES,0449
MEDIANCOHE NAVY/WESTERN WHITE,0450
BLUE SKY,0451
SUNSET RED/CELESTE TANGLED GARDEN,0452
BLACK/JADEREDTANGLEDGARDEN,0453
RENNAISSANCE MIDNIGHT POTTERY,0454
RENNAISSANCE VICTORIAN RED,0455
ELEPHANT/ECRU,0456
COFFEE MOCHA,0457
COOPERTAN/CELESTE,0458
COPPERTAN/CELESTE,0459
JADE,0460
OASIS GREEN SUCULENTA,0461
CERULEAN PAPAYA,0462
RED LILAC,0463
FLAMINGO/RED/CELESTE TRIBAL GARDEN,0464
GUAYABA/JADE AMAZONIA MINI PRINT,0465
JADE/TANGERINE,0466
DARK JADE,0467
SMOKY BLUE,0468
DANDELION/ROSEWOOD,0469
COPPERTAN/CINNAMON,0470
ECRU CAMPARI,0471
ORANGE,0472
MOCCA,0473
LEOPARD CLASSIC,0474
IVORY DOTS,0475
DANDELION/DARK VERDE JADE,0476
DARK GRAY,0477
ANTIQUE COPPER,0478
MOSSOLDROSE COQUEL,0479
NAVY RUST,0480
RED ATARDECER STRIPES,0481
MIDNIGHT/IVORYTANGLEDGARDEN,0482
ECRU/MERLOT/TANGLED GARDEN,0483
PINK/MERLOT/REDTRIBALGARDEN,0484
LILACC MASAI PRINT,0485
OFF WHITE/YELLOW,0486
ECRU/KILIM BEIGE,0487
JADE CAMEL,0488
DUSKGREY,0489
SMOKY ROSE,0490
OPPER,0491
RUST COPPER,0492
SAPHIRE/ECRU,0493
JADE/OFF WHITE,0494
JADECABERPLACOQ,0495
CELESTEMAGENTACOQU,0496
NAVYBLACK,0497
MIDNIGHT/OFF WHITE,0498
PEWTERCELESTECOQUE,0499
MOSS/GOLD,0500
TEALOLDROPLCO,0501
FIESTA RED,0502
TAMARINDO RED,0503
CHILI RED,0504
AMANECER RUST/WESTERN WHITE STRIPES,0505
NIGHT BLACK/ECRU TARTAN DOTS,0506
WESTERN WHITE SUCULENTAS,0507
IVORY/BLACK ETHNIC DOTS,0508
IVORY LIFE IN THE TROPICS,0509
PECAN BLUSH,0510
DEEPSTONE/PINK,0511
MIDNIGHT BLUE TROPICAL CHINOISERIE,0512
VICTORIAN CEREZO/ALMOND,0513
MAGENTA/VANILLA ACACIA TREE PRINT,0514
FLAMINGO TROPICS,0515
PEACH/CELESTE ACACIA TREE PRINT,0516
RUBY RED,0517
JADE/IVORY STRIPES,0518
SEQUIN,0519
MALVA FLORAL,0520
NAVY WITH NUDE PIPING,0521
PAISLEY DUSK PEACH,0522
RENNAISSANCE FOREST,0523
RENAISSANCE/VICTORIAN RED,0524
NUDE/MAGENTA,0525
TANGERINE SAND,0526
ECRU/DARK JADE,0527
ECRU NUDE,0528
ECRU/NUDE,0529
MEDITERRANEAN BLUE,0530
SUNBURN,0531
DARK MAGENTA,0532
ECRU/NAVY,0533
POMEGRANATE/TUMERIC,0534
ANIS/CHILLI PEPPER,0535
POMEGRANTE/SALMON,0536
SOFT NUDE SALMON,0537
BLACK/PEWTER,0538
BEIGE MOLES,0539
RUST BRANCHES,0540
TURQUESA,0541
RED WINE,0542
ECRU WET,0543
NAVY/ACQUA MA,0544
NAVY W/RED MA,0545
WITHOUTPEPRED,0546
PINK/RED MAN,0547
DESERT MIST/MONK ORANGE,0548
CELESTE/BLACK,0549
BLACK/WHITE,0550
GUAYABA JADE,0551
CELESTE MASAI PRINT,0552
JADE MASAI PRINT,0553
IVORY/BLACK,0554
TANGERINE LILACC,0555
ARENA,0556
PALO DE ROSE,0557
RAYAS FALLA,0558
JADECABERNPLACOQU,0559
ECRU/AZUL,0560
ECRU WETLAND,0561
OFFWBLAC,0562
OLIVE GREEN/ECRU,0563
SUNNY YELLOW/WHITE MAXI TANGLED GARDEN,0564
CABERNET/OFF WHITE STRIPES,0565
CHERRY LILIESANDFEAT,0566
CAMEL/DANDELION,0567
CAMEL/NARANJA,0568
MIDNIGHT BLUE,0569
STRIPES GREEN,0570
CAMEL/NATURAL,0571
LEOPARD/CERULEAN,0572
RED FLOWER,0573
BRONZE,0574
RED/ECRU,0575
BLUE/GRAY,0576
NAVY ECRU,0577
NO ESPECIFICA COLOR,0578
YELLOW,0579
BLACK/BURGUNDY,0580
ANIS,0581
CAMEL/BLACK,0582
SAPPHIRE/OFF WHITE,0583
DARK JADE/ECRU,0584
CHERRYPRINTEDLYCRA,0585
MEDIA NOCHE NAVY OLD ROSE,0586
ABSINTHE TROPICAL CHINOISERIE,0587
BLACK/JADE/RED TANGLED GARDEN,0588
MIITAR ROSE,0589
REDCOLD COQUEL,0590
WESTERN WHITE/NAVY DESERT TILES,0591
MINI BAG,0592
ACQUA/RUSTWET,0593
OFF WHITE/ECRU/BLACK,0594
SAND PUNCH,0595
CINAMMON/ECRU,0596
CERULEAN/PAPAYA,0597
GUAYABA/JADE,0598
ALLCOLORFLOWER,0599
BURNTUMPER,0600
CACATUA PALE ROSE,0601
MILIGREEBLA,0602
AZAFRAN,0603
OLDROSEREDCHINOSERIE,0604
Red/LILACc,0605
ABSINTHE/MERLOT TRIBAL GARDEN,0606
MAGENTA/VANILLA AMAZONIA PRINT,0607
MARSALA/PEARL,0608
DANDELION OFF WHITE,0609
DANDELION DARK JADE,0610
CAMEL/ANIS,0611
ECRU ANIS,0612
ECRU/SANGRIA,0613
SUNLIGHT/NUDE,0614
GREEN MENTA,0615
LAND,0616
MINT WETLAND,0617
NUDE WETLAND,0618
EMERALDOFFWH,0619
BLANCO/VERDE JADE,0620
BROWN SUGAR,0621
NATURAL/PINK,0622
ECRU/GREEN,0623
EARTH STRIPES,0624
MOROCCAN BLUE,0625
MOROCCAN BLUE BIRD,0626
CAMEL/CHOCOLATE,0627
BABY BLUE,0628
CHOCOLATE/AFTER RED SALSA,0629
BITTERSWEET ROSE/ECRU,0630
BLACK/LILA,0631
BLACK/PLATEADO,0632
ECRU/BLACK,0633
CHOCOLATE/DEEP RUST,0634
RENAISSANCE MIDNIGHT POTTERY,0635
GRAY BELTNECTARINE,0636
CHILI RED/WESTERN WHITE PLAID,0637
DIJON/BLACK,0638
CHOCOLATE/AFTER SALSARED,0639
BLACK/MULTICOLOR,0640
WHISKEY,0641
DELIRIOS MAÑANEROS,0642
BLACK/COBRE,0643
BROWN CLUTH,0644
OFF WHITEPRINLYCR,0645
DEEP RUST,0646
ALLCOLOPLC,0647
BLACK/SUMMER MUSTARD,0648
AZUL/PLATEADO,0649
PINK SALT/MULTICOLOR,0650
ECRU/PACIFICOBLUE,0651
ECRU/DELIRIUM GREEN,0652
BUBBLE RUM,0653
BUBBLE,0654
TOBACCO/SALSADISCORED,0655
ECRU/FRESH LIMONADE,0656
MINT/FRESH LIMONADE,0657
BUBBLE RUM/CHOCOLATE,0658
AZUL/ECRU,0659
MIDNIGHT NAVY,0660
SPEAK AFTER SALSA,0661
CAMEL/ORANGE,0662
BLACK/LILAC,0663
RUBY SANGRIA,0664
NECTARINE ECRU,0665
PALMS,0666
MENSHIRTBLUEPINESTRIPE,0667
ECRU/MULTICOLOR,0668
CHEST NUT/ECRU,0669
ANIS/RUBY,0670
CHILI RED/WESTERN STRIPES,0671
AQUA/COCO DE MER,0672
AZUL/COBRE,0673
GUAYABA/JADE AMAZONIA PRINT,0674
CELESTE/WHITE AMAZONIA MINI PRINT,0675
FISTA RED,0676
MOROCCAN BLUE ECRU,0677
LILACC,0678
LILACC FLOWER,0679
BLUE MEN´S SHIRT PLAID,0680
MEN¨S´SHIRT STRIPES,0681
WHITE/SUNSET RED MAXI TANGLED GARDEN,0682
ANIMAL PRINT,0683
DANDELION/PEARL,0684
CAMEL/ECRU,0685
ECRU/PALOSANTO,0686
CHESNUT/GARDENJADE,0687
VANILLA/PEACH/NOUGAT,0688
GARDEN JADE/COPPER TAN,0689
MALDIVES BLUE SUNBURN,0690
ECRU/MOROCCAN BLUE,0691
ROSEWOOD,0692
ROSERY/ECRU/NECTARINE,0693
CHESNUT/CAMPARI,0694
ECRU/CHESNUT,0695
GARDEN JADE/OFF WHITE,0696
OASIS GREEN/ECRU STRIPES,0697
FLORAL,0698
MONK ORNAGE/CAMEL,0699
SOFT PEACHNOUGAT,0700
NIGHTS IN CALI BLACK/ECRU,0701
COCO DE MER/ECRU,0702
ECRU/DANDELION,0703
ECRU/BLACK DOTS,0704
MARSALLA,0705
ZEBRA TRIBAL GARDEN,0706
ECRU/NIGHTS IN CALI BALCK,0707
ECRU/CAMEL,0708
MAUVE/WHITE AMAZONIA MINI PRINT,0709
DANDELION/DARK JADE,0710
PUNCH JADE,0711
DESERT MIST/SOFT PEACH,0712
MONK ORANGE/ECRU,0713
ECRU/BURNT UMBER,0714
CINNAMON/ECRU,0715
DESERT MIST/ECRU,0716
ORANGE/CELESTE,0717
MALVA FLORAL PRINT,0718
BLACK/TOURMALINE,0719
COPPERTAN/ECRU,0720
MOROCCAN BLUE/ECRU,0721
MONK ORNAGE/ECRU,0722
ROSECABERNETCO,0723
CELESTE RUST,0724
ECRU/BLUE,0725
ECRU/CAMPARI,0726
ECRU/CHILI PEPPER,0727
ECRU/CINNAMON,0728
ECRU/COBRE,0729
ECRU/DESERT MIST,0730
ECRU/GRAY,0731
ECRU/HAVANNA RUM,0732
ECRU/NECTARINE,0733
ECRU/POMEGRANATE/TOILE,0734
ECRU/RED,0735
ECRU/ROJO,0736
ECRU/ROSE,0737
ECRU/VERDE JADE,0738
ECRU CHILI PEPPER,0739
ECRU VINOTINTO,0740
FLAMINGO CELESTE,0741
FLOURISH BURNT UMBER,0742
GARDEN VERDE JADE/COPPER TAN,0743
GARDEN VERDE JADE OFF WHITE,0744
GRAY/DANDELION,0745
GRAY/ECRU,0746
GRAY/ROSE/VINOTINTO,0747
GRAY/ROSE/WINE,0748
GRAY/SALMON,0749
GREEN/COPPERTAN,0750
GREEN/GOLD,0751
HONEY/BLACK/MOCCA,0752
HONEY/BROWN PITON,0753
HONEY PITON,0754
HUSBAND BLUE/COCO DE MER,0755
IVORY TROPICAL CHINOISERIE,0756
LAVENDER,0757
LIGHT GREY FLOWER,0758
LILA/PLATEADO,0759
LILA BUGS,0760
LILAC BUGS,0761
MAGIC NUDE/OFF WHITE,0762
MEDIANOCHE NAVY/TARTAN,0763
MENS BLUE/COPPERTAN,0764
MEN SHIRT BLUE,0765
MIDNIGHT BLUE/NUDE,0766
MIDNIGHT BLUE/ROSE,0767
MILITARY TOILE,0768
MONK ORANGE/COCO DE MER,0769
MONK ORANGE/NUDE,0770
MORROCAN BLUE/ECRU,0771
MUSTARD,0772
NARANJA/BLANCO,0773
NATURAL/NAVY,0774
NAVY/PLATEADO,0775
NIGTHS IN CALI BLACK,0776
NIGTHS IN CALI BLACK/CAMEL,0777
NOCHE BLACK,0778
NOCHE BLACK/ECRU TARTAN DOTS,0779
NUDE/BROWN,0780
NUDE/CELESTE,0781
NUDE/LILA,0782
NUDE/MILITARY GREEN/TOILE,0783
NUDE/TORNASOL,0784
OASIS GREEN/ECRU,0785
OFF WHITE/NAVY,0786
OLD ROSE CABERNET,0787
ORANGE/BLACK,0788
ORANGE/GREEN,0789
PAISLEY/DUSK SKY,0790
PALE ROSE BUGS,0791
PEACH,0792
PINK/BLUE,0793
PISTACHIO/NUDE,0794
POMEGRANATE/SALMON,0795
PRINT/TRENZADO,0796
PUNCH/VERDE JADE,0797
RAYAS MOSTAZA,0798
RED/BLACK,0799
RED LILIES,0800
RENAISSANCE/CINNAMON,0801
RENAISSANCE/MARSALA,0802
RENAISSANCE FOREST,0803
RENNAISANCE ROSE,0804
ROJO/COBRE,0805
ROJO/ECRU,0806
ROJO/PLATEADO,0807
ROJO ATARDECER STRIPES,0808
ROSE/BLACK,0809
ROSE/ECRU,0810
ROSE CABERNET,0811
ROSETTE/COPPERTAN,0812
RUBY/SANGRIA,0813
SALMON/BLACK,0814
SANGRIA/CAMEL,0815
SANGRIA RED,0816
SANGRIA RED/CHILI PEPPER RED,0817
SERENADE CAMEL/ECRU,0818
SOFT OLIVE/CHESNUT,0819
SOFT PEACH/NOUGAT,0820
SOFT PINK/OFF WHITE,0821
TERRACOTA/ECRU,0822
TOBACO,0823
TOBACO/ECRU/DESERT,0824
TOILE/ECRU/CHILI PEPPER,0825
TUMERIC,0826
TURMERIC/LILA,0827
VANILLA/CINAMMON,0828
VERDE/ROSE,0829
VERDE/SALMON,0830
VERDE JADE/BLACK,0831
VERDE JADE/NUDE,0832
VERDE JADE/PUNCH,0833
VERDE JADE/SALMON ACACIA TREE PRINT,0834
VINOTINTO/ROJO TORNASOL,0835
WINE/IVORY,0836
WINE/RED,0837
YELLOW/GREEN,0838
YELLOW/VERDE,0839
YELLOW/WHITE,0840
ECRU/WINE,0841
WHITE/VERDE JADE,0842
GREEN/ROSE,0843
TURMERIC/ROSE,0844
TURMERIC/NUDE,0845
TURMERIC/POMEGRANATE,0846
TURMERIC/VERDE JADE,0847
ECRU/MORINGA/GREEN,0848
BABYBLUE/OFFWHITE,0849
RED/WHITE,0850
AZUL/BLANCO/VINOTINTO,0851
GRAY/PEACH,0852
GUAYABA,0853
MARIGOLD/IVORY,0854
VINOTINTO/BLANCO,0855
CHOCOLATE/ESMERALDA,0856
VERDE/CAFÉ,0857
BROWN/ECRU,0858
VERDE/ECRU,0859
WHITE/BROWN,0860
BLUE/BROWN,0861
IVORY/GRAY,0862
SALMON/ROJO,0863
PUNCH,0864
NAVY/RED,0865
OFF WHITE/GRAY,0866
RED/ROSE,0867
MARSALA/CAMEL,0868
GREEN/BROWN,0869
TURMERIC/SANGRIA,0870
CHOCOLATE/TERRACOTA,0871
COOPERTAN/CARAMEL/CHOCOLATE,0872
MORINGA/NUDE,0873
VANILLA/SOFT PEACH,0874
OFF WHITE/COPPERTAN,0875
EMERAL,0876
PEARL,0877
ROSE/OFF WHITE,0878
ECRU/MIDNIGHT BLUE,0879
MEN´S GRAY,0880
TEAL/IVORY,0881
WHITE/SALMON,0882
WHITE/ROSE,0883
WHITE/DANDELION,0884
WHITE/HUSBAND BLUE,0885
COCO DE MER/NUDE,0886
GRAY/ROSE,0887
AZUL CLARO/ROJO,0888
ECRU/MATCHA/LATTE,0889
SQUARED/MIDNIGHT/BLUE,0890
WHITE/NAVY,0891
VANILLA/CAMEL,0892
PEACH PARFAIT,0893
NAVY/ECRU,0894
SATIN,0895
ECRU/SALSA RED,0896
BLACK/DANDELION/GREEN,0897
CARMINE RED,0898
SOFT GREEN,0899
AZALEA,0900
WATERMELON,0901
ECRU/DIJON,0902
DEEPTERRACOTA/BLACK,0903
LYCHEEFIZZ/CHOCOLATE,0904
COSMICSAPPHIRE/BLACK,0905
ECRU/COSMIC SAPPIRE,0906
LYCHEE,0907
DISCO RED,0908
RAISIN,0909
PINK MIST/DIJON,0910
FIRE ORANGE,0911
ECRU/EGGPLANT,0912
PAPROKA RED,0913
PAPRIKA RED,0914
YELLOW LEMONADE,0915
SALSA RED,0916
NUDE/FRAMBUESA,0917
BLACK/MANGOLD,0918
BLACK/AFTERSALSA RED,0919
BLACK/SALSA RED,0920
NUDE WINE,0921
WITH BOW,0922
NUDE/BLACK,0923
LILA OCRE,0924
IVORY/MERLOT,0925
BURGUNDY/OFF WHITE,0926
BROWN/MAGENTA,0927
LIGTH GREEN,0928
WHITE SAGRIA,0929
CHOCOLATE/GREEN,0930
SCARF,0931
ORANGE/SALMON,0932
WHITE/LILAC,0933
AZUCENA,0934
MEDIANOCHE NAVY OLD ROSE,0935
WINE,0936
PINK/RED MANGLAR,0937
VERDE JADE/MAGENTA FEAR,0938
BLUE/WHITE,0939
LILAC/CAFÉ,0940
PAPRIKA,0941
RED/IVORY,0942
NAVY/BROWN,0943
GRIS/RUST,0944
OFFWHECCRUBLACK,0945
MORINGA GREEN/NUD,0946
POMEGRANATE/ANIS,0947
SOFT PEACH/MATCHA LATTE,0948
SUNLIGHT,0949
TURMERIC/SALMON,0950
SOFT PEACH/BLACK,0951
SOFT PEACH/FUCSIA,0952
MORINGA GREEN/ECRU,0953
DESERT TAUPE,0954
SOFT TAUPE,0955
JUNGLE ECRU,0956
RED/OFF WHITE,0957
MORINGA GREEN,0958
SOFT PEACH/MORINGA GREEN,0959
MORINGA GREEN/CAMEL,0960
MIDNIGHT BLUE/BLACK,0961
CINNAMON/BLACK,0962
TOBACCO/BLACK,0963
ECRU/MENS BLUE,0964
BROWN/GOLD,0965
CHILLI PEPPER/TRUFFLE,0966
NIGTH BLUE,0967
PALE SALMON,0968
MARINE NIGHTS,0969
GOLDEN SCALES,0970
JUNGLE PINK,0971
JUNGLE TANGARINE,0972
LINES CHOCOLATES,0973
PEACH TERRACOTA,0974
ORANGE TAUPE,0975
ECRU/CARIBBEAN AQUA,0976
ASH GREY,0977
NATURAL/ASH GREY,0978
MATCHA AQUA,0979
TUMERIC ECRU,0980
CAMEL ANIS,0981
SOLID KHAKI,0982
CHOCOLATE/SALSA DISCO RED,0983
DARK CARAMEL,0984
IMPERIAL RED,0985
ESMERALDA SEA,0986
ASH BLUE,0987
COBALT BLUE,0988
ECRU/IMPERIAL RED,0989
SILVER/ECRU,0990
OLIVE,0991
MANGO,0992
CAMELIA,0993
IMPERIAL REAL/NATURAL,0994
VINTAGE ROSE,0995
MANGO ORANGE,0996
BURNT ORANGE,0997
SEA MIST,0998
ORCHID,0999
LEOPARD CHOCOLATE,1000
HUSBAND/BLUE ECRU,1001
BLACK/NUDE,1002
BLACKBERRY TANGARINE,1003
CRUDO,1004
OLIVE/OFF WHITE,1005
SQUARES BLUE,1006
DARK CARAMEL/CARIBBEAN AQUA,1007
CAMELIA/CARIBBEAN AQUA,1008
TAN,1009
ORCHID PINK,1010
ECRU/PEACH,1011
IMPERIAL RED/CAMEL,1012
WINE/MANGO ORANGE,1013
PAPRIKA/CARIBEAN AQUA,1014
ECRU/OLIVE,1015
PAPRIKA/STRAWBERRY ICE,1016
NATURAL/OLIVE,1017
ECRU/GRAPE FIZ,1018
CAMEL/TERRACOTA,1019
NAVY/MANGO ORANGE,1020
CARIBBEAN AQUA/MANGO ORANGE,1021
PAPRIKA RED/ECRU,1022
PAPRIKA/CAMEL,1023
IMPERIAL REAL,1024
PAPRIKA RED/CAMEL,1025
DARK CARAMEL/AQUA,1026
ROSE/CINNAMON,1027
LILA PRINT,1028
DARK GREY FLOWER,1029
MIDNIGHT BLUE/ECRU,1030
MENS BLUE/ROSE,1031
DANDELION/ECRU,1032
ECRU/LIME,1033
ECRU/LAVA RED,1034
LAVA,1035
CAOBA RED/MILITARY GREEN,1036
CAOBA RED,1037
ECRU/CABBA RED,1038
INDIAN MADDER,1039
BUBBLE GUM/BLACK,1040
FOPPER POT,1041
YELLOW ORCHE,1042
SOFT PINK/BLACK,1043
TOBACCO/CAOBA RED,1044
BLACK/MILITARY GREEN/ECRU,1045
MANDARINE FIZZ,1046
WILDFIRE/WOOD,1047
ORANGEADE/WOOD/BLACK,1048
CAOBA RED/AFTER DRK BROWN,1049
ORANGEADE,1050
ECRU/WASHED WOOD,1051
WOOD,1052
WOOD/ECRU,1053
AMABER TOAST,1054
PINK OPAL/WOOD,1055
ECRU/HUNTER GREEN,1056
ANCIENT SUN,1057
COPPER POT,1058
CHARISMA RED,1059
YELLOW OCHRE,1060
SUMMER PUNCH,1061
ECRU/COSMIC BLUE,1062
AMBER TOAST,1063
DANCING YELLOW,1064
ANCIENT RED,1065
GREEN GODDESS,1066
ANCIENT PEARL,1067
DARK CAMEL,1068
WILDFIRE,1069
COSMIC NAVY,1070
ECRU/VINTAGE ROSE,1071
AFTER DARK BROWN,1072
CHILI PEPPER/SANGRIA,1073
SALMON/COCO DE MER,1074
MILITARY GREEN/NUDE,1075
VERDE OSCURO,1076
ACQUA,1077
NICKEL,1078
BLUEBERRY,1079
MORADO/ECRU,1080
MORADO/CORAL,1081
MORADO/UVA,1082
MORADO OSCURO,1083
MORADO CLARO,1084
UVA/MORADO,1085
BLACK/BEIGE,1086
GRIS/VERDE,1087
NARANJA/PEARL,1088
OCRE/PEARL,1089
PLATEADO/BEIGE,1090
BLACK/DINAMOND,1091
BLACK/RED SIAM,1092
BLACK/MERLAD,1093
BLACK/PEACH,1094
CREAM/ROSE,1095
HABANO/NUDE,1096
MARSALLA/VINOTINTO,1097
IVORY/NAVY,1098
ROJO/NAVY,1099
ROJO/IVORY,1100
CELESTE/IVORY,1101
ECRU/CAFÉ,1102
CHERRY/MARSALLA,1103
MORINGA/RED,1104
BLACK/GRAY,1105
BLUE/ROSE,1106
RED/GRAY,1107
VERDE/PEANUT,1108
CURUBA/PEACH,1109
PUNCH/ROSADO,1110
BLANCO/DORADO,1111
NARANJA/BEIGE,1112
AZUL/BLANCO,1113
AZUL/ROSADO,1114
RUST/MALVA,1115
ORANGE/MONK,1116
VERDE JADE/CAMEL,1117
VERDE/DORADO,1118
SAND/ECRU,1119
BLUE/SAND,1120
RED/SAND,1121
ECRU/PLATEADO,1122
OCRE/CAFÉ,1123
WOOD/RUBY FIESTA,1124
NUDE/SALMON,1125
MORADO/BLACK,1126
VERDE/AZUL AGUMARINA,1127
VERDE/GRIS,1128
UVA/BLACK,1129
BRONZE/SILVER,1130
BEIGE/DORADO,1131
CAFÉ OSCURO,1132
HABANO,1133
CERULEAN/SKY BLUE,1134
DARK ROSE,1135
LIGHT GOLD,1136
AGUAMARINA,1137
ANTIQUE GOLD,1138
ANTIQUE ROSE,1139
LIGHT GRAY,1140
CIRUELA,1141
SOFT BLUEBERRY,1142
STRIPES VIOLET,1143
COCO DE MER/APRICOT,1144
CHILLI PEPPER/SANGRIA,1145
BLACK/SUN RAY YELLOW,1146
VINTAGE ECRU/BLACK,1147
CACATUA ORANGE,1148
AFTER SALSA/BLUE,1149
SALMON FLORAL,1150
SALMON/BROWN,1151
BLACK/MOSTAZA,1152
ORANGE/ECRU,1153
BURNED YELLOW,1154
AFTER SALSA PINK,1155
ECRU/ORANGE,1156
FLORAL ECRU,1157
DARK BLUE,1158
RED/GOLD,1159
ELEPHANT GRAY,1160
STRAWBERRY,1161
GRAY/RED,1162
MELON,1163
MORINGA,1164
SEPIA,1165
WOOD/PLATEADO,1166
PEANUT,1167
GINGER,1168
ANTIQUE BRASS,1169
AMBROSIA,1170
BUMBLEBEE,1171
FAWN,1172
FOG,1173
TAWNY,1174
BASIL,1175
BERRY,1176
MAUVE,1177
PECAN,1178
FOSSIL,1179
SEAFOAM,1180
CRIMSON,1181
JUNIPER,1182
LATTE,1183
COIN,1184
CRYSTAL,1185
CHARTREUSE,1186
PINE,1187
BURDEOS,1188
SAGE,1189
GRAPE,1190
SUNSET,1191
EGGSHELL,1192
EGG NOG,1193
CANTALOUPE,1194
SEAWEED,1195
BRICK,1196
CARROT,1197
BUTTER,1198
BUTTERSCOTCH,1199
SANDEASTLE,1200
SLATE,1201
DAFFODIL,1202
OCEANO,1203
SANDSTONE/DORADO/OCRE,1204
SCARLET,1205
MULBERRY,1206
CIDER,1207
SPRUCE,1208
AMATISTA,1209
SHORTBREAD,1210
PICKLE,1211
CANDY,1212
ALABASTER,1213
ROUGE,1214
SUGAR COOKIE/PERLA,1215
SUGAR COOKIE,1216
HONEY MUSTARD,1217
BOYSENBERRY,1218
BALLET SLIPPER,1219
CELADON,1220
PERIWINKLE,1221
GERANIUM,1222
OYSTER,1223
TOPAZ,1224
HUNTER GREEN,1225
BISCOTTI,1226
RASPBERRY,1227
GRAPHITE,1228
PARMESEAN,1229
COCONUT,1230
PORPOISE,1231
MAPLE SYRUP,1232
SUNRISE,1233
BLACK/RED,1234
BLACK/SILVER,1235
PINK LEMONADAE,1236
GREY,1237
METALLIC/PINK,1238
ROSE/PINK,1239
SALMON/MAGENTA,1240
COPPER PENNY,1241
ADMIRAL,1242
MERLOT,1243
LINEN,1244
GREEN/SHELL,1245
ECRU/WHITE,1246
FLAMINGO RED,1247
ECRU/FLORES BLACK,1248
OFF WHITE/PINK,1249
GREEN DARK,1250
OFF WHITE/ROSE,1251
GREY/NUDE,1252
VAINILLA PEACH,1253
BLUE/ECRU,1254
BLACK/SPRING CAMELLIA,1255
CHILIPEPPER/ANIS,1256
COCO DE MER/BLUSH,1257
IVORY/MILITARY GREEN,1258
PESCA POMEGRANATE SALMON,1259
TOILE RUBY SANGRIA,1260
PESCA APRICOT/COCO DE MER,1261
CAMELLIAN RED,1262
PRARIE SUNSET,1263
PINK OPAL,1264
MOCHA,1265
BLUE NECTARINE,1266
DANDELION BLACK,1267
CHILLI PEPPER ECRU,1268
PYRAMIDE BLUCH/GREEN GODDESS,1269
BLACK/PALMS AT SUNSET,1270
BLACK/COPPER POT/PALMS AT SUNSET,1271
ECRU/WILDFIRE,1272
PAPYRUS KHAKI,1273
COSMIC BLUE,1274
FORESTGREEN/PALMSATSUNSET,1275
WILDFIRE/ECRU,1276
FOREST GREEN/PYRAMIDE BLUSH,1277
WILD CURRENT,1278
FOREST GREEN/YELLOW OCHRE,1279
BONNIE BLUE,1280
WOOD/CAMEL,1281
ECRU/COSMIC NAVY,1282
NUDE/FOREST GREEN,1283
ECRU/WOOD,1284
DESERT SAND,1285
JADE/WILDFINE,1286
COSMIC BLUE/ECRU,1287
TANGERINE POTTY,1288
ECRU/COPPER POT,1289
MILITARY GREEN/YELLOW OCHRE,1290
NATURAL/OFF WHITE/BLACK,1291
ROSE FLORES CHILI PEPPER,1292
CARMINE RED/ECRU,1293
ECRU/BRONCE,1294
ECRU RED/BRONCE,1295
UNA NOCHE EARRINGS,1296
VERDE/BLACK,1297
FLAMENCO BALI,1298
BROWN SILVER,1299
MINI URAMBA BLACK,1300
MINI URAMBA BROWN,1301
URAMBA BROWN,1302
NECKLACE,1303
RED JUNGLE ECRU,1304
ECRU RUST,1305
MOCCHA ECRU,1306
LEOPARD PEACH,1307
CERULEAN/PEACH,1308
AQUA SOFT PEACH,1309
TURMERIC/JADE,1310
CANOA FIESTA RUBY,1311
CACATUA JADE,1312
NAVY WHITE,1313
OFF WHITE/MILITARY GREEN,1314
CURUBA HUMEDAL,1315
AGAVE BLUE/WESTERN WHITE STRIPES,1316
BLACK/IVORY,1317
DANDELION/IVORY,1318
BLUE/IVORY,1319
SUNSET RED,1320
NECTARINE/OFF WHITE,1321
OFF WHITE/MONK ORANGE,1322
CHOCOLATE/DEEP TERRACOTA,1323
TOILE POMEGRANATE SALMON,1324
CAMEL/OFF WHITE,1325
OLIVE GREEN,1326
BLACK/OLIVE,1327
NONEMBELPINKO,1328
RUST/BUSH,1329
WHITE OLIVE,1330
EMBELLDPINKOLI,1331
HOPE FOR THE SUN DANDELIO,1332
COPPERTAN/PEACHNOUGAT,1333
ECRU/BEIGE,1334
WINE/FIRE RED,1335
ECRU/FIRE RED,1336
CRUDO/GRIS/JASPE CLARO,1337
ANABLACKECRU,1338
NAVY TEXAN GARDEN PLAID,1339
GREEN/ORANGE,1340
JADE SALMON/ACACIA,1341
BLUE NUDE,1342
WILDFIRE CAMEL,1343
AXI LENGTHWHEAT,1344
BLACK/TOBACCO,1345
PINK MIST,1346
DIJON/ECRU,1347
BUG PRINT ECRU,1348
ECRU/LYCHEE FIZZ,1349
BLACK/WHITE/YELLOW,1350
TANGERINE/CARMINE RED,1351
BLACK/NATURAL,1352
ECRU/MUSTARD,1353
ROSE/GOLD,1354
BLACK CLUTCH,1355
LIGHT DENIM,1356
NAVY/LIGHT BLUE,1357
OFF WHITE/ECRU,1358
CHILLI RED/WESTERN,1359
DEEPSTONE/GREEN PIPING,1360
TERRACOTA/MILITARY,1361
BLACK/VINTAGE/ECRU,1362
BLACK/WHITE POLKA DOT,1363
PRINTED ORANGE,1364
PRINT ORANGE,1365
ECRU/NIGHTS IN CALI,1366
ECRU/SANGRIA RED,1367
ECRU/BUBBLE GUM,1368
ANTIQUE ECRU/BLACK,1369
MAPLE/COCO DE MER,1370
CHILLI PEPPER/ANIS,1371
VANILLA ECRU,1372
SOFT PINK,1373
BLACK/NAVY,1374
PUNCH NATURAL,1375
LAVA RED TANGERINE,1376
VERDE JADE/NATURAL,1377
OLDROSCABECOQ,1378
SUNSET RED TROPICAL CHINOISERIE,1379
GARDENJADE/ECRU,1380
CHESTNUT CAMPARI,1381
NAVY BIRDS,1382
MILITARY BUGS,1383
NARANJA/CELESTE,1384
DEEP TERRACOTA/AQUA,1385
ORO,1386
WHITE/RED,1387
MARFIL/NEGRO,1388
MARFIL/VINOTINTO,1389
MENS BLUE/CHOCOLATE,1390
ECRU/MARRON,1391
VICTORIAN CEREZO/ALMOND SEQUIN,1392
OLDROSECABERNCHINOS,1393
OFF WHITE/RED,1394
MAGENTA/GREEN,1395
ECRU/OLD ROSE,1396
CHESTNUT/ECRU,1397
SOTF NUDE,1398
SALMON MARSALA,1399
CERULEAN/NUDE,1400
SOFT BLUSH,1401
PISTACHIO DANDELION,1402
MIDNIGTH BLUE,1403
SALMON/NARANJA,1404
STRIPES DANDELION,1405
CACATUA/DANDELION,1406
BUGS MULTICOLOR,1407
BUGS HUSBAND BLUE,1408
ECRU/NATURAL,1409
WINE/CAMELIA,1410
IMPERIAL RED/DARK CARAMEL,1411
STRAWBERRY/ANTIGUE ECRU,1412
CRIBEAN AQUA/MANGO ORANGE,1413
NAVY WH/ACQUA MA,1414
WHITE/RED MAN,1415
WHITE BLUE,1416
GIUNGALA,1417
PRINTED DUCHESS,1418
TOBACO PIN,1419
SATIN SALMON,1420
CELESTE/ECRU,1421
SOFT PEACH/SCARF,1422
TOILE ACQUA/COCO DE MER,1423
CANOA ANIS RUBY,1424
TUMERIC FLATS,1425
SANGRIA RED/CHILI PEPPER RED FLATS,1426
BLACK/ECRU HEELS,1427
ECRU CHILI PEPPER HEELS,1428
ANIS TRUFFLE HEELS,1429
SANGRIA/ECRU HEELS,1430
VISION NAVY,1431
PEACH PINK,1432
ECRU/TEAL,1433
EGGPLANT,1434
LILAC BREEZE,1435
OFF WHITE/BLUE LIGHT,1436
PUPPY RED,1437
ECRU/RUST,1438
AZUL CIELO,1439
AZUL JADE,1440
BLACK/BLUE,1441
NAVY WH/RED MAN,1442
GREEN/ECRU,1443
OFFWHSTRIPMILIGRE,1444
NIGTH ROMANTIC,1445
RED LILIESPRINTEDLYCRA,1446
MALDIVES BLUE,1447
BLUE MOROCCAN ECRU,1448
DESET BLUE,1449
RENAISSANCE BLUE POTTERY,1450
RENAISSANCE BLUE,1451
PRINT CACATUAS,1452
HOT CORAL,1453
BERENJENAPRINTEDLY,1454
MIDNIGHT,1455
IVORY/AZUL,1456
BLACK/WHITE/BLUSH,1457
RENNAISSANCE ANTIQUE CITRINE,1458
MYSTIC CERULEAN,1459
BLACK LIFE,1460
RUDDLE,1461
BLACK INDIGO,1462
BLACK PURPLE,1463
BUMBLEBEE FLORAL,1464
CERULEAN FLORAL,1465
CORAL MISTYC,1466
COPPER TAN ECRU,1467
MISTYC GREEN,1468
BLACK FLATS,1469
COCO DE MER/FLATS,1470
MINI PRINT FLATS,1471
AQUA SALMON HEELS,1472
NUDE/FOREST,1473
JADE/SALMON PRINT,1474
ESMERALDA,1475
CHOCLATE/COPPERTAN,1476
CACATUA/CAMEL,1477
NUDE/CAFÉ,1478
OCEAN LINES,1479
ECRU/LILACC,1480
PURPLE/SALMON,1481
MUSTARD BLACK,1482
ECRU LINES,1483
PINK BLACK,1484
DUNAS DESERTICAS,1485
COLORFUL PENS,1486
STRIPES,1487
LILAC WINE,1488
JADE/ECRU,1489
IMPERIAL AQUA,1490
CHESTNUT,1491
CHARCOAL/OFF WHITE,1492
TANGERINE BERRY,1493
RAISIN IVORY,1494
BLACK FLORAL,1495
MULTICOLOR STRIPES,1496
RED FLORAL,1497
CHESNUT STRIPES,1498
SATIN AZUL,1499
ECRU/CINAMMON,1500
PAPRIKA/GRAPER FIZZ,1501
WISKEY BLACK,1502
MINI GUACA,1503
WISKEY SUN,1504
STRAWBERRY ICE,1505
PLOMO,1506
BUGS GREEN,1507
BEIGE/FLOR RED,1508
BLUE/ORANGE,1509
BLUE/NUDE,1510
MARRON/ECRU,1511
CERULEAN/RUST BRANCHES,1512
BLUE/TERRACOTA,1513
VINO,1514
LIME,1515
PINK FLORAL,1516
LINEAS BURNED ORANGE,1517
TRIBIAL CERULEAN,1518
IMPERIAL ORANGE,1519
AFTER BLACK,1520
VERDE AZUL FLORAL,1521
BROWN WINE,1522
FLORAL PEARL,1523
AZUL FLORAL,1524
PALM GREEN,1525
NATURAL GREEN,1526
GREEN JADE,1527
CREAM VINO,1528
PINK BURGUNDY,1529
ECRU/TERRACOTA,1530
BLUE FLORAL,1531
FLORAL AQUA,1532
DARK NAVY,1533
VINO ROSA,1534
LINES REDS,1535
CAMEL/COCO DE MER,1536
RED/GREEN,1537
GRAY/MINIGTH BLUE,1538
BLUE FLOWER,1539
JADE/SOFT PEACH,1540
LINES ORANGE,1541
NAVY FLORAL,1542
GREEN FLORAL,1543
COPPER FLORAL,1544
LINEAR RED,1545
BROWN FLORAL,1546
CORAL RED,1547
OFF WHITE/CELESTE,1548
GRAY FLORAL,1549
JUNGLE GREEN,1550
GUAYABA BLACK,1551
MYSTIC GREEN,1552
POISON ORANGE,1553
POISON BLUE,1554
DESERT ORANGE,1555
DESERT BLUE,1556
BLUE LEOPARD,1557
JUNGLE ECRU SALSA,1558
BURNED ORANGE,1559
LINES BLUE,1560
ROSE LEOPARD,1561
MIER,1562
MARINE,1563
WINE/ROSE,1564
JADE BIRD,1565
MATCHA LATTE ECRU,1566
FESTIVAL FUCSIA,1567
BLACK CAMELIA,1568
PAPRIKA/STRAWBERRY,1569
PAPRIKAEMERALDSEA,1570
PAPRIKA EMERALD,1571
ECRUEMERALD SEA,1572
TEAL STRAWBERRY,1573
CARIBBEAN,1574
CAMEL/MILITARY GREEN,1575
ECRU/SAND,1576
LEMONADE YELLOW,1577
NAVY FLOWER PRINT,1578
IRACA NATURAL,1579
PUMPKIN SPICE,1580
ON FIRE,1581
FADED NECTARINE,1582
PICANTE RED,1583
GINGER BREAD,1584
BURNT HENNA,1585
TERRA,1586
BLOOD WINE,1587
ANDORRA,1588
PINK EFFEVERSCENSE,1589
PALE PEACH,1590
SWEET SIENNA,1591
ROSA SPRITZ,1592
FUSCHIA,1593
BARBERRY,1594
HIBISCUS,1595
SEALING WAX RED,1596
PASSION RED,1597
TANGERINE TANGO,1598
BURNT SAFFRON,1599
GOLDEN OCHRE,1600
TOAST,1601
TIMELESS BLUSH,1602
APRICOT FIZZ,1603
PINK O'CLOCK,1604
FADED ROSE,1605
BITTER PINK,1606
MAUVE MEMORIES,1607
INK BLACK,1608
NIGHTLITE BLUE,1609
COLD BLUE SKY,1610
MYSTIC GREY,1611
CYAN FLIRTS,1612
MINERAL GREY,1613
GRAY JADE,1614
WINTER FOAM,1615
QUIET GREEN,1616
HEMLOCK,1617
MEADOW,1618
VINEGARD GREEN,1619
BOULDER,1620
CREME BRULEE,1621
WINTER WHITE,1622
PARCHMENT BEIGE,1623
MOSS TINT,1624
IMPALA,1625
SOILED'AVANT,1626
RADIAN YELLOW,1627
GOLDEN HARVEST,1628
BRINDLE,1629
SEDONA SAGE,1630
ECRU WISKEY,1631
BITTERWEET,1632
RUBY,1633
ORANGE/BROWN,1634
BLUE/WHITE DOTS,1635
OFF WHITE/BLACK POLKA DOTS,1636
BLACK/WHITE POLKA DOTS,1637
BLACK FLOWER,1638
PURPLE WINE,1639
PRANRIE SUNST,1640
DEEP TERRACOTA/BLACK,1641
CHOCOLATE ESMERALDA BRANCHES,1642
COCO DE MER/MILITARY,1643
NOIR MUSTARD WILD GARDEN,1644
40 AZUL EN SEDA,1645
AGUA,1646
ANIMAL PRINCE (NEGRO),1647
BLANCO,1648
DRESS,1649
ESMERALD/OFF WHITE,1650
JADE PINK,1651
MAGENTA/VAINILLA,1652
MAGENTA/ BLACK,1653
MANDARINE,1654
MENS GRAY,1655
NEGRO,1656
NOIR/ROSE WILD GARDEN,1657
PEACH CELESTE,1658
PINK MASAI PRINT,1659
RED MAXI TANGLED GARDEN,1660
RED SUCULENTA,1661
ROSA,1662
SUMMER HAT NARANJA,1663
YELLOW MASAI PRINT,1664
BLACK/MARIGOLD,1665
BLUE RAFFIA,1666
BLUE SILVER,1667
COPPER CAMEL,1668
COPPERTAN/PEACH/BROWN,1669
DARK PISTACHIO,1670
ECRU/AFTER SALSA RED,1671
ECRU/MANGO ORANGE,1672
ECRU STRIPES,1673
IVORY/PRINTED,1674
JADE PUNCH,1675
MARIGOLD/BLACK,1676
MULTI/BUG PRINT,1677
ORANGE SEQUINS,1678
ORANGE/CHILI PEPPER,1679
PAPRIKA/NATURAL,1680
POSION GREEN,1681
PRINTED,1682
RED/BLUSH,1683
RED/RUBY FIESTA,1684
RED/YELLOW,1685
ROSEBUD,1686
RUBY/ECRU,1687
SMOKE/GREY,1688
SOFT OLIVE/CHESTNUT,1689
TANGERINE LILY,1690
TRIBAL BLUE,1691
TRUFFLE/BLACK,1692
WHITE LINEN,1693
PINK EFFERVESCENCE,1694
DARK ROSETTE,1695
DEEPSTONE GRAY/MOSS,1696
LEOPARD MIDNIGHT BLUE,1697
TOILE MILITARY GREEN,1698
MILITAR GREEN NUDE,1699
DEEPSTONE/PINK PIPING,1700
TROPICAL GREEN,1701
BLACK/JADE,1702
WHITE/BLACK,1703
SATSUMA SPRITZ,1704
LEMON CHROME,1705
TUSCAN SUN,1706
TAN PEACH,1707
ALMOND BISCUIT,1708
GOLDEN SPICE,1709
SAFARI RIDE,1710
DARK OLIVE,1711
SAVANNAH GOLD,1712
BLEACHED APRICOT,1713
GOLDFISH,1714
PAPAYA ORANGE,1715
DRAGON FIRE,1716
TIGER,1717
PUREED PUMKIN,1718
HENNA,1719
HAWAIIAN SUNSET,1720
EXUBERANCE YELLOW,1721
PINK SUNSET,1722
ARABESQUE,1723
MUTED SALMON,1724
SPICY NUDE,1725
ROSE EXPEDITION,1726
BITTER MAGENTA,1727
POMPEIAN RED,1728
VOLCANO RED,1729
SANDAL WOOD,1730
SEA AT MIDNIGHT,1731
EFFERVESCENT EMERALD,1732
RAINFOREST GREEN,1733
FAIR GREEN,1734
MINT SPELL,1735
HEALING BLUE,1736
SOFTEST MINT,1737
FOAM JADE,1738
FOREVER ECRU,1739
CRUISE NAVY,1740
ESTATE BLUE,1741
DUSK BLUE,1742
PORCELAIN BLUE,1743
CRYSTAL WATERS,1744
ICED LATTE,1745
MOON GRAY,1746
SOUL WINE,1747
VANILLA CHUTNEY,1748
TAN APRICOT,1749
LEMON PIE YELLOW,1750
SATSUMA SPRITZ YELLOW,1751
MUTED GOLD,1752
SAVANNAH SUN,1753
CADMIUM YELLOW,1754
JO CAMEL,1755
BELLINI,1756
ORANGE RUST,1757
TANDORI PINK,1758
GOLDFISH ORANGE,1759
SPICY SAFFRON,1760
INDIAN HENNA ORANGE,1761
RED PEPPER,1762
ROOIBOS RED,1763
SUN DRIED TOMATO,1764
FIRED BRICK,1765
TABACCO VANILLE,1766
SUNNY MARSALA,1767
EMERALD GREEN,1768
FERN GREEN,1769
SPRING BOUQUET,1770
SILT GREEN,1771
JADE FOAM,1772
COLONIAL FERN GREEN,1773
CAMOUFLAGE GREEN,1774
GOLDEN GRAY,1775
RED ORANGE,1776
LIGHT SALMON,1777
CURCUMA YELLOW,1778
DARK BURGUNDY,1779
EFFERVESCENT GREEN,1780
MUTED JADE,1781
TOPAZ BLUE,1782
MYKONOS BLUE,1783
MIDNIGHT SKY BLUE,1784
LIQUIORICE BLACK,1785
HAWAIIAN,1786
ROADTRIP MARSALA,1787
ROADTRIP RED PEPPER,1788
ROADTRIP ECRU,1789
ROADTRIP BLACK,1790
PALMS SHADES OF GREEN,1791
PALMS EMERALD GREEN,1792
PALMS DARK,1793
PALMS CURCUMA,1794
PALMS CURCUMA/SHADES OF GREEN,1795
PALMS LAVA RED,1796
VANILLA FLOWER SAND/ECRU,1797
VANILLA FLOWER ECRU,1798
VANILLA FLOWER SAND,1799
VANILLA FLOWER INDIAN HENNA,1800
VANILLA FLOWER CURCUMA,1801
VANILLA FLOWER ROOIBOS RED,1802
VANILLA FLOWER ECRU/NAVY,1803
VANILLA FLOWER ECRU/POISON GREEN,1804
VANILLA FLOWER POISON GREEN,1805
VANILLA POISON GREEN,1806
VANILLA FLOWER EMERALD GREEN,1807
VANILLA FLOWER DARK BURGUNDY,1808
VANILLA FLOWER LIQUORICE BLACK,1809
COLONIAL LAVA RED,1810
COLONIAL MONK ORANGE,1811
COLONIAL SUNNY MARSALA,1812
COLONIAL TOPAZ BLUE,1813
COLONIAL MYKONOS BLUE,1814
COLONIAL NAVY,1815
COLONIAL BLACK,1816
COLONIAL CURCUMA YELLOW,1817
COLONIAL POISON GREEN,1818
COLONIAL MARSALA,1819
COLONIAL CURCUMA,1820
ECRU/EFFERVESCENT,1821
INDUS VALLEY,1822
DANCING RED,1823
NIGTH PURPLE,1824
DASK,1825
SMOKE JADE,1826
CHIRIBIQUETE SAND,1827
HARBOR BLUE,1828
BOYFRIENDS BLUE,1829
AFTER DARK BLACK,1830
BEACH SAND,1831
AFTER JADE GREEN,1832
PROVIDENCIA CLEAR BLUE,1833
SISTERHOOD PINK,1834
PINOT WINE,1835
PINOT NOIR,1836
SEPIA BROWN,1837
MYSTIC MAUVE,1838
SOFT VIOLET,1839
TURMERIC YELLOW,1840
EUPHORIA ORANGE,1841
SPICY RUST,1842
ACHIOTE RED,1843
WILDFIRE PINK,1844
TAN NECTARINE,1845
FACUNDO ECRU/AFTER DARK BLACK,1846
FACUNDO ECRU/CHILI RED,1847
FACUNDO PINOT WINE/PICANTE RED,1848
FACUNDO BEACH SAND/ACHIOTE RED,1849
FACUNDO ECRU/TURMERIC YELLOW,1850
PAMPA ECRU/AFTER DARK BLACK,1851
PAMPA ECRU/CHILI RED,1852
PAMPA PINOT WINE/PICANTE RED,1853
PAMPA BEACH SAND/ACHIOTE RED,1854
PAMPA ECRU/TURMERIC YELLOW,1855
GAUCHO ECRU/AFTER DARK BLACK,1856
GAUCHO ECRU/CHILI RED,1857
GAUCHO PINOT WINE/PICANTE RED,1858
GAUCHO BEACH SAND/ACHIOTE RED,1859
GAUCHO ECRU/TURMERIC YELLOW,1860
MACONDO ECRU/MIDNIGHT SKY BLUE,1861
MACONDO ECRU/AFTER DARK BLACK,1862
MACONDO MYSTIC BROWN/CHOCOLAT,1863
MACONDO WILDFIRE PINK/JO CAMEL,1864
MACONDO ACHIOTE RED/ANTIQUE ECRU,1865
MACONDO ECRU/ACHIOTE RED,1866
MACONDO AFTER DARK BLACK/ACHIOTE RED,1867
MACONDO ACHIOTE RED/CHOCOLAT,1868
MACONDO PICANTE RED/CHOCOLAT,1869
MACONDO TAN NECTARINE/CHILI RED,1870
MACONDO SOFT VIOLET/ORANGEADE,1871
MACONDO APRICOT/CHOCOLAT,1872
MACONDO EUPHORIA ORANGE/PROVIDENCIA CLEAR BLUE,1873
MACONDO TURMERIC YELLOW/ABSINTHE GREEN,1874
MACONDO ECRU/ESOTERIC YELLOW,1875
PROVIDENCIA PICANTE RED,1876
PROVIDENCIA TURMERIC/JADE,1877
PROVIDENCIA ECRU/EMERALD GREEN,1878
PROVIDENCIA PINOT NOIR,1879
PROVIDENCIA TURMERIC/ECRU,1880
PROVIDENCIA SHADES OF GREEN,1881
DELHI WILDFIRE PINK/ANTIQUE ECRU,1882
DELHI SEPIA/ANTIQUE ECRU,1883
DELHI BEIGE/TURMERIC YELLOW,1884
DELHI CHILI RED/JADE,1885
DELHI ECRU/ORANGE,1886
DELHI ECRU/BLUE,1887
JAIPUR ORANGE/BLUE,1888
JAIPUR WILDFIRE PINK,1889
JAIPUR ANTIQUE ECRU,1890
JAIPUR ECRU/BLUE,1891
JAIPUR JADE,1892
JAIPUR BEIGE/TURMERIC YELLOW,1893
LLANOS SMOKE JADE/MULTICOLOR,1894
LLANOS BEIGE/MULTICOLOR,1895
LLANOS CHIRIBIQUETE BEIGE/ACHIOTE RED,1896
LLANOS AFTER DARK BLACK/MULTICOLOR,1897
LLANOS ECRU/SHADES OF BLUE,1898
CHIRIBIQUETE ECRU/AFTER DARK BLACK,1899
CHIRIBIQUETE NUDE/ECRU,1900
CHIRIBIQUETE BEIGE/ACHIOTE RED,1901
IKAT ECRU/AFTER DARK BLACK,1902
IKAT AFTER DARK BLACK/MULTICOLOR,1903
IKAT AFTER DARK BLACK/CHILI RED,1904
IKAT MIDNIGHT BLUE/ECRU,1905
IKAT PINOT NOIR/ORANGE,1906
IKAT SEPIA/MULTICOLOR,1907
IKAT ORANGE/MULTICOLOR,1908
IKAT WILDFIRE PINK/MULTICOLOR,1909
IKAT TURMERIC YELLOW/ECRU,1910
COCORA ECRU/AFTER JADE GREEN,1911
COCORA AFTER DARK BLACK/JADE,1912
COCORA BEIGE/CHILLI RED,1913
COCORA ANTIQUE ECRU/ACHIOTE RED,1914
COCORA PICANTE RED/EARTH SHADES,1915
COCORA ECRU/TURMERIC SUN,1916
WESTERN HARBOR BLUE/MULTICOLOR,1917
WESTERN ANTIQUE ROSE/MULTICOLOR,1918
WESTERN ECRU/SHADES OF BLUE,1919
WESTERN BARU GREEN/MULTICOLOR,1920
WESTERN ANTIQUE ECRU/MULTICOLOR,1921
CHERI WILDFIRE PINK/ANTIQUE ECRU,1922
CHERI PEACH SAND/CHILI RED,1923
CHERI SMOKE JADE/MULTICOLOR,1924
CHERI ECRU/EMERALD GREEN,1925
CHERI TURMERIC YELLOW/ECRU,1926
COLONIAL TAPESTRY NAVY,1927
VANILLA DARK BURGUNDY,1928
VANILLA HENNA,1929
GOLDEN,1930
HENNA ORANGE,1931
MERLOT RED/NUDE,1932
JADE GREEN/NUDE,1933
HONEY TOPAZ/NUDE,1934
TAN/NUDE,1935
SPICY BROWN,1936
SELVA GREEN,1937
ECRU/ CRUISE NAVY,1938
TUSCAN SUN/ ECRU,1939
ASH GREY/PINOT WINE,1940
FOREST GREEN,1941
PINOT WINE/ECRU,1942
NATURAL/EMERALD,1943
NATURAL/TURMERIC,1944
NATURAL/BEIGE,1945
AFTER DARK BLACK/NATURAL,1946
NATURAL/ROSE,1947
AFTER DARK BLACK/JO CAMEL,1948
SEPIA BROWN/BEACH SAND,1949
FOREST GREEN/EMERALD,1950
PINOT WINE/ROSE,1951
ACHIOTE RED/ECRU,1952
AFTER DARK BLACK/ECRU,1953
CAMOUFLAGE GREEN/ECRU,1954
SPICY RUST/ECRU,1955
MIDNIGHT/ SPICY RUST/ JO CAMEL,1956
JADE/ TURMERIC/ BLACK,1957
FOREST GREEN/CAMOUFLAGE CHILLI RED,1958
CANELA,1959
VINTAGE BLACK,1960
TROPICAL MARSALA,1961
RED/MARSALA,1962
INTENSE GREEN,1963
DARK ECRU,1964
INDIAN HENNA,1965
SAND/MARSALA,1966
ECRU/JADE,1967
FUNGHI JADE,1968
NOIR ABSOLU,1969
FAIRY BLUE,1970
WINTER ECRU,1971
NUDE SAUVAGE,1972
DRIED APRICOT,1973
ORCHID PETAL,1974
EUPHORIA RED,1975
BITTERSWEET RED,1976
NEGRONI MAGENTA,1977
DARK CABERNET,1978
BRICK RED,1979
FAIRY WINTER ECRU/MULTICOLOR,1980
FAIRY CABERNET/GINGER,1981
FAIRY CABERNET/ORCHID,1982
FAIRY FOREST GREEN/ORCHID,1983
FAIRY FOREST GREEN/MULTICOLOR,1984
FAIRY FOREST GREEN/WINTER ECRU,1985
FAIRY WINTER ECRU/FOREST GREEN,1986
FAIRY WINTER ECRU/NEGRONI MAGENTA,1987
FAIRY EUPHORIA RED/FUNGHI JADE,1988
FAIRY BITTERSWEET RED/WINTER ECRU,1989
FAIRY NOIR ABSOLU/NEGRONI MAGENTA,1990
FAIRY NOIR ABSOLU/MULTICOLOR,1991
FAIRY MIDNIGHT BLUE/WINTER ECRU,1992
FAIRY NOIR ABSOLU/FAIRY BLUE,1993
POMEGRANATE NOIR ABSOLU/CAMEL,1994
POMEGRANATE NEGRONI MAGENTA/EUPHORIA RED,1995
POMEGRANATE BITTERSWEET RED/WINTER ECRU,1996
POMEGRANATE CABERNET/WINTER ECRU,1997
POMEGRANATE EUPHORIA RED/FUNGHI JADE,1998
POMEGRANATE FOREST GREEN/WINTER ECRU,1999
POMEGRANATE FOREST GREEN/ORCHID,2000
POMEGRANATE FAIRY BLUE/WINTER ECRU,2001
FUNGHI NOIR ABSOLU/BLUE,2002
FUNGHI NOIR ABSOLU/RED,2003
FUNGHI FOREST GREEN/MULTICOLOR,2004
FUNGHI CABERNET/ORCHIDS,2005
MOLA BITTERSWEET RED/WINTER ECRU,2006
MOLA CABERNET/WINTER ECRU,2007
MOLA NEGRONI MAGENTA/NOIR ABSOLU,2008
MOLA FOREST GREEN/WINTER ECRU,2009
MOLA CHOCOLATE/WINTER ECRU,2010
MOLA MIDNIGHT BLUE/WINTER ECRU,2011
MOLA FAIRY BLUE/NOIR ABSOLU,2012
NIGHT SKY WINTER ECRU/NOIR ABSOLU,2013
NIGHT SKY CHOCOLATE/FUNGHI JADE,2014
CHAMPAGNE/ECRU,2015
CARAMEL/NUDE,2016
CURCUMA,2017
GARDEN GREEN,2018
YELLOW/ECRU,2019
RED MARSALA,2020
ECRU/CARAMEL,2021
RED/NUDE,2022
ECRU/JO CAMEL,2023
ECRU/MOON GREY,2024
ACHIOTE/ANTIQUE ECRU,2025
CHOCOLATE/ECRU,2026
CANTALOUPE TOBACCO,2027
SELVA GREEN/ ECRU,2028
LIGHT CAMEL,2029
ANTIQUE YELLOW/ECRU,2030
MIDNIGHT/BOYFRIEND BLUE,2031
NATURAL/ECRU,2032
NOGAL,2033
NATURAL SPICE,2034
EARTHY MARSALA,2035
PALM MIST JADE,2036
CHINA HERITAGE BLUE,2037
SAFARI GREEN,2038
BASIL GREEN,2039
JADE STONE,2040
COCONUT ECRU,2041
PEARL ECRU,2042
PEACH SKIN,2043
ROSE PETAL,2044
SIENNA,2045
TAN NUDE,2046
DARK SKIN BROWN,2047
AMBER YELLOW,2048
DRY MANGO,2049
SPICY MANDARINE,2050
MELANIN RUST,2051
SAFFRON,2052
DRIED CHILLI RED,2053
FIESTA RED,2054
COSMIC BLUE,2055
POTERRY BLUE,2056
CHINA BLUE,2057
SHELLS CHILI RED/ECRU,2058
SHELLS GINGER/ECRU,2059
SHELLS BASIL GREEN/PEARL,2060
SHELLS SAFARI GREEN/PEARL,2061
SHELLS COSMIC BLUE/ECRU,2062
SHELLS MELANIN RUST/ECRU,2063
SHELLS SPICY MANDARINE/ECRU,2064
SHELLS CACAO/ECRU,2065
SHELLS PERSIAN BLUE/ECRU,2066
SHELLS AMBER YELLOW/ECRU,2067
SHELLS ROSE PETAL/ECRU,2068
SHELLS CACAO/RED,2069
SHELLS GINGER/BLUE,2070
BLOCKPRINT CACAO/GINGER,2071
BLOCKPRINT CACAO/ECRU,2072
BLOCKPRINT CACAO/ORANGE,2073
BLOCKPRINT GINGER/BLUE,2074
BLOCKPRINT MIDNIGHT/ECRU,2075
BLOCKPRINT CHINA BLUE/ECRU,2076
BLOCKPRINT CINNAMON/ECRU,2077
BLOCKPRINT MELANIN RUST/ECRU,2078
BLOCKPRINT SPICY MANDARINE,2079
BLOCKPRINT JADE STONE/ECRU,2080
BLOCKPRINT FIESTA RED/MULTI,2081
BLOKCKPRINT ROSE PETAL/PEARL,2082
FRAME CACAO/GINGER,2083
FRAME CACAO/ECRU,2084
FRAME CACAO/ORANGE,2085
FRAME GINGER/BLUE,2086
FRAME MIDNIGHT/ECRU,2087
FRAME CINNAMON/ECRU,2088
FRAME MELANIN RUST/ECRU,2089
FRAME SPICY MANDARINE,2090
FRAME CHINA BLUE/ECRU,2091
FRAME FIESTA RED/MULTI,2092
FRAME JADE STONE/ECRU,2093
FRAME ROSE PETAL/PEARL,2094
TRIBES MIDNIGHT/ECRU,2095
TRIBES CHILLI RED/ECRU,2096
TRIBES NUDE/ECRU,2097
TRIBES CACAO/ECRU,2098
TRIBES SAFARI GREEN/JADE STONE,2099
TRIBES MELANIN RUST/DARK SKIN BROWN,2100
TRIBES CACAO/PEACH SKIN,2101
TRIBES CHILLI/FIESTA RED,2102
COLONIAL TOPAZ,2103
LLANOS AFTER DARK BLACK,2104
IKAK AFTER DARL BLACK,2105
WESTERN GRAY,2106
NAVY/ PEACH,2107
PAISLEY NAVY,2108
AZAFRAN MULTI,2109
BLOCKPRINT NUDE/ECRU,2110
IVORY/CELESTE,2111
MID NIGHT ECRU,2112
DARK RED,2113
COBRE PAVON,2114
LATON PAVON,2115
TRASLUCIDO,2116
CAMEL/NEGRO/MIEL,2117
MILITARY JADE/ECRU,2118
MIDNIGHT/ECRU,2119
CACAO/ECRU/SALMON,2120
DORADO/AZUL/ROJO,2121
WINE/MONK,2122
ECRU/BROWN,2123
DARK SKIN BROWN/JADE,2124
ONIRIC GREEN,2125
ECRU MIDNIGHT,2126
COLD MINT,2127
SAND RED,2128
BRIGHT MARSALA,2129
JAZMIN TEA GREEN,2130
EMERALD,2131
MINT JADE,2132
ANISE,2133
CLOVES,2134
ESPRESSO,2135
HOT PAPRIKA RED,2136
CAYENNE RED,2137
ROSEHIP FUSCHIA,2138
POTTERY BLUE,2139
CARDAMOM BLACK,2140
PALM ECRU/CAYENNE RED,2141
PALM ECRU/JAZMIN TEA,2142
PALM ECRU/CLOVES,2143
PALM ECRU/CURCUMA,2144
PALM MINT JADE/CAYENNE RED,2145
PALM ECRU/MAGENTA,2146
PALM TERRACOTA/BLUE,2147
PALM ECRU/SAFFRON,2148
PALM PEARL/POTTERY BLUE,2149
PALM ECRU/POTTERY BLUE,2150
PALM CARDAMOM BLACK/ECRU,2151
BATIK ECRU/CURCUMA,2152
BATIK SAFFRON/ECRU,2153
BATIK TERRACOTA/ROSEHIP,2154
BATIK MIDNIGHT/POTTERY BLUE,2155
BATIK MIDNIGHT/ECRU,2156
BATIK ECRU/CAMEL,2157
BATIK ECRU/CLOVES,2158
BATIK JAZMIN TEA/ECRU,2159
BATIK JAZMIN TEA/SPICY MANDARINE,2160
BATIK TERRACOTA/CARDAMOM BLACK,2161
INDIE CARDAMOM BLACK/ECRU,2162
INDIE CLOVES/ECRU,2163
INDIE HOT PAPRIKA RED/MULTI,2164
INDIE ECRU/MULTI,2165
INDIE ECRU/POTTERY BLUE,2166
SAN JACINTO ECRU/TERRACOTA,2167
SAN JACINTO ESPRESSO/ECRU,2168
SAN JACINTO ECRU/CURCUMA,2169
SAN JACINTO ECRU/JAZMIN TEA,2170
SAN JACINTO MIDNIGHT BLUE/ECRU,2171
PIN STRIPES ECRU/JAZMIN TEA GREEN,2172
PIN STRIPES TERRACOTA/CARDAMOM BLACK,2173
PIN STRIPES MIDNIGHT/POTTERY BLUE,2174
PAISLEY HOT PAPRIKA RED/ECRU,2175
PAISLEY CURCUMA/ECRU,2176
PAISLEY EMERALD/APRICOT,2177
PAISLEY MIDNIGHT BLUE/ECRU,2178
PAISLEY CARDAMOM BLACK/ECRU,2179
JADE ECRU,2180
JO CAMEL/ECRU,2181
NATURAL/BLACK,2182
ANTIQUE SILVER,2183
CHILLI RED,2184
NUDE/ECRU,2185
CACAO/ECRU,2186
SAFARI GREEN/JADE STONE,2187
MELANIN RUST/DARK SKIN BROWN,2188
CHILLI/FIESTA RED,2189
CACAO/PEACH SKIN,2190
AMBER YELLOW/ MANDARINE / CINNAMON,2191
COCONUT ECRU/SAFRON/BLACK,2192
BLACK/GOLDEN,2193
BATIK CAYANNE RED/TERRACOTA,2194
CURCUMA/ ECRU,2195
GARDEN GREEN/ BLACK,2196
TERRACOTA/COPPER,2197
PAPRIKA MULTICOLOR,2198
AFTER DARK BLACK/ TARIJA,2199
DORADO MATE,2200
ECRU MATE,2201
CREAM,2202
ORO ROSA,2203
NEGRO MATE,2204
MARMOL,2205
TORTOISE,2206
MORA,2207
PORCHMMT,2208
STONE,2209
CATO CLARO,2210
ARTIC,2211
SAGE VERDE,2212
PLATEADO OPACO,2213
LEMON,2214
MADERA,2215
MORA AZUL,2216
LINE OPACO,2217
FOG ANACARADO,2218
BLUSH ANACARADO,2219
AZUL TEAL,2220
CREAM PEARL,2221
MARFIL,2222
MORADA,2223
GRIS RATA,2224
OLD SILVER/BLACK,2225
OLD GOLD/BLACK,2226
MARBLE,2227
MATT ANTI BRASS,2228
ROSE GOLD,2229
FEATHER TRIM GOLD,2230
MATT BLACK,2231
NATURAL-NOGAL,2232
HANTER GREEN,2233
MARSALLA VINO,2234
AZUL OCEANO,2235
NUDE RUST,2236
CREAM FUDGE,2237
CHINCHILLA,2238
PHOENIX,2239
AMBRESUTANE,2240
AZUL INDIGO,2241
FRANGUESA,2242
MERIGOLD,2243
VINOTINTO CLARO,2244
NARANJA FUORESCENTE,2245
FLAXEN,2246
HAZEL WOOD,2247
COCODRILO,2248
ROJO ANACARADO,2249
SALMON BRILLANTE,2250
SALMON FLUORESCENTE,2251
COBALT,2252
HONEY PLATEADO,2253
SANDSTONE MIEL,2254
BLANCO TRASLUCIDO,2255
OAT,2256
MIEL HONEY,2257
VERDE COCODRILO,2258
FAWN ANACARADO,2259
SALMON TRASLUCIDO,2260
SEAFOAM ANACARADO,2261
TRASLUCIDO ANACARADO,2262
AZUL FIESTA,2263
AZUL METALICO,2264
AMARILLO ANACARADO,2265
SAGE BRILLANTE,2266
ROJO BRILLANTE ANACARADO,2267
FERM ANACARADO,2268
CORAL BRILLANTE,2269
AZUL TRASLUCIDO,2270
JUNIPER TRASLUCIDO,2271
VERDE CHATREUSE,2272
ESMERALDA VARIADO,2273
GREEN TRASLUCIDO,2274
LIMA ANACARADO,2275
LIMA CLARO,2276
PERLA,2277
TORTILLA BRILLANTE,2278
SUNSET ANACARADO,2279
BLUSH BRILLANTE,2280
SALMON ANACARADO,2281
PERA ANACARADO,2282
BISCOTTI ANACARADO,2283
MORADO TORNASOL,2284
FUCSIA OSCURO,2285
MATT GOLD,2286
BLOOD TRASLUCIDO,2287
SPACE TRASLUCIDO,2288
SPICE,2289
CAOBA OPACO,2290
FLAXEN OPACO,2291
VARIOS ANACARADO,2292
MORADO TRASLUCIDO,2293
NARANJA ANACARADO,2294
REUGE CLARO,2295
SQUASH,2296
AMANTHYS,2297
MORA NEGRA,2298
VERDE GRIS TRASLUCIDO,2299
VERDE PINO,2300
BUBLEGUM OPACO,2301
FUCSIA TRASLUCIDO,2302
ORANGE TRASLUCIDO,2303
SEPIA OSCURO,2304
TRASLUCIDO OPACO,2305
VERDE ANACARADO,2306
CANDY ANACARADO,2307
CANTALOUPE TRASLUCIDO,2308
HOT PINK,2309
NARANJA NEON,2310
AMARILLO TRASLUCIDO,2311
BEIGE ANACARADO,2312
VERDE CRUDO,2313
VERDE TRASLUCIDO,2314
MAUVE CLARO,2315
MORAZUL,2316
CREPE,2317
LACE ANACARADO,2318
MUSTARCHIF,2319
PEANUTH,2320
ROSEWOOD COLLAR,2321
SAGE OPACO,2322
VERDE TRASLUCIDO ANACARADO,2323
FIRE OPACO,2324
NARANJA OPACO,2325
ROSADO ANACARADO,2326
ROSADO OSCURO,2327
ROSE ANACARADO,2328
TEAL ANACARADO,2329
CURRENT ANACARADO,2330
VERDE AZUL AGUMARINA,2331
VERDE OPACO,2332
SEPIA ANACARADO,2333
TRASLUCIDO OJO DE PESCADO,2334
ROJO TRASLUCIDO,2335
ROSADO NEON TRASLUCIDO,2336
ROSADO TRASLUCIDO,2337
MERIGOLD TRASLUCIDO,2338
COGNAC,2339
FIRE ANACARADO,2340
GRIS CARBON,2341
GRIS PLATEADO,2342
GINGER ANACARADO,2343
TAFFY ANACARADO,2344
APLE ANACARADO,2345
MINT ANACARADO,2346
MUSTARSH MIEL,2347
BUTTER TRASLUCIDO,2348
DOVE,2349
VERDE MANZANA,2350
ROSEWOOD ANACARADO,2351
NARANJA SAPOTE,2352
PENIN WINKLE ANACARADO,2353
PUNETT,2354
HEATHER,2355
FOSSIL ANACARADO,2356
WATERMELON ANACARADO,2357
CAFÉ TRASLUCIDO,2358
BRONCE ANACARADO,2359
OLD GOLD,2360
PASTEL GREEN,2361
GRIS PLATA,2362
NEGRO BRILLANTE,2363
LAPIZ PERLA,2364
TORNASOL,2365
NACAR,2366
ROSADO CLARO,2367
PAVON,2368
PLATA-ORO,2369
TOASTED,2370
NIQUEL,2371
LILY-ECRU,2372
DORADO/BLANCO,2373
SAPOTE,2374
SPIDER,2375
VANN,2376
PENIN,2377
PINO,2378
PEANUCH,2379
IRIS,2380
LIMON,2381
LIPSTICK,2382
CENIZO,2383
CHECA,2384
FIRE,2385
SALMON CLARO,2386
PEANUT ANACARADO,2387
BLUSH OSCURO,2388
BOTTERSCOTCH,2389
SAND DOLLAR,2390
TRANSLUCID RED,2391
TRANSLUCID YELLOW,2392
WASHED CAMEL,2393
GRAPEFRUIT,2394
JUPITER,2395
INVISIBLE,2396
TOSTADO,2397
PATO,2398
PUNTA NARANJA,2399
EBANO,2400
GRILLO,2401
CARAMELO,2402
SANDIA,2403
BETEADO NARANJA-MIEL,2404
CIELO,2405
ECRU/TABACO,2406
HORN,2407
DARK BROWN,2408
BLACK AND GOLD,2409
GOLD GREY,2410
GOLD BLUE,2411
GOLD PINK,2412
BROWN/BLACK,2413
PLATA,2414
PURPLE,2415
METALIZADO,2416
LAVANDER,2417
DUSTY PINK,2418
PALE SMOOTH,2419
DORADO ENVEJECIDO,2420
CORAL OSCURO,2421
ESCARLATA,2422
LAVANDA,2423
APPLE,2424
ORO MATE,2425
ACHIOTE,2426
SALTAIRE,2427
JET,2428
SKY,2429
CLOUD,2430
MELOCOTON,2431
COCODRILLE,2432
SKY ANACARADO,2433
PORCELAIN,2434
SNOW,2435
PICKLE TRASLUCIDO,2436
PAVO REAL,2437
LEMON FLUERESCENTE,2438
BONE,2439
RICE,2440
PIEL,2441
GUNGES,2442
CHIFFON,2443
ANCHOR,2444
SANDCASTLE,2445
HANIROKT ANACARADO,2446
PICKLE BRILLANTE,2447
GOLD OPACO,2448
TAFFY,2449
BOLA NEGRA,2450
MELON CLARO,2451
NOCCIOLA,2452
SAPOTE NEON,2453
METALIC INDIGO,2454
RUSTIC GREY,2455
MOONLIGHT WHITE,2456
LIGHT AQUA,2457
CLEAR ACQUA,2458
WHITE ASHANTI,2459
LIGHT BROWN,2460
MIDNIGHT BLACK,2461
BLACK MATTE,2462
NATURAL MATE,2463
JASPER,2464
VARIOS,2465
DURAZNO,2466
COBRE MATTE,2467
ECRU/TOBACCO,2468
BLACK/CAMEL/ECRU,2469
JAGUAR,2470
NIQUEL NEGRO,2471
AZUL CELESTE,2472
ROSE CONCAVO,2473
MORADO BRILLANTE,2474
MORADO OPACO,2475
NARANJA CLARO,2476
AZUL NOCHE,2477
FLOR PLATEADO,2478
GUNMETAL,2479
ROSA TRASLUCIDA,2480
NOGAL/NATURA/MIEL,2481
NEGRO/NOGAL/NATURAL,2482
BLACK BROWN,2483
TRANSLUCID BROWN,2484
TRANSLUCID CAMEL,2485
WASHED IVORY,2486
WASHED RED,2487
AMBER,2488
ROSA CLARO,2489
CHAI TEA BROWN,2490
CIGAR,2491
DRY LAVANDER,2492
GARDENIA ECRU,2493
GREEN FIG,2494
PINK CLAY,2495
PEACH SAND,2496
OXYD RED,2497
MEDITERRANEAN BLUE/ECRU,2498
SHELL ECRU,2499
SAND/RED,2500
TEAL BLUE,2501
FOAM BLUE,2502
PAREO ECRU/CORAL/RED,2503
BURNT MARSALA,2504
SUMMER WINE,2505
PERSIAN BLUE,2506
PAREO ECRU/JADE/BLACK,2507
PAREO ECRU/BLACK,2508
PAREO TEAL/JADE/ECRU,2509
PAREO ECRU/WINE/LAVENDER,2510
FLAME ORANGE,2511
PAREO DARK RED/ECRU/CIGAR,2512
PAREO CHAI/ECRU/GREEN,2513
CARIBE ECRU/LAVENDER/ORANGE,2514
CARIBE ECRU/WINE/LAVENDER,2515
CARIBE ECRU/CORAL/RED,2516
CARIBE DARK RED/ECRU/CIGAR,2517
CARIBE CHAI/VANILLA/JADE,2518
CARIBE JADE/ECRU/GREEN,2519
CARIBE ECRU/MARIGOLD/GREEN,2520
CARIBE ECRU/JADE/BLACK,2521
CARIBE ECRU/BLACK,2522
CARIBE TEAL/JADE/ECRU,2523
CARIBE MIDNIGHT/ECRU,2524
TANGO ECRU/JADE,2525
TANGO BLACK/ECRU,2526
TANGO WINE/ECRU,2527
TANGO WINE/BURNT RED,2528
EARTHSHINE RUBY/ECRU,2529
EARTHSHINE RUBY/LAVANDER,2530
EARTHSHINE RUBY/FLAME ORANGE,2531
EARTHSHINE OXYD RED/VANILLA,2532
EARTHSHINE ECRU/FIRE RED,2533
EARTHSHINE BLACK/ECRU,2534
EARTHSHINE CAMOUFLAGE/CHAMPAGNE,2535
EARTHSHINE PINK CLAY/EMERALD,2536
EARTHSHINE PERSIAN BLUE/ECRU,2537
NOMADIC GARDENIA ECRU,2538
NOMADIC MARIGOLD/PINK CLAY,2539
NOMADIC CORAL/ECRU,2540
NOMADIC DARK RED/ECRU,2541
NOMADIC ECRU/MAGENTA,2542
NOMADIC TAN NUDE/ECRU,2543
NOMADIC CAMOUFLAGE GREEN/ECRU,2544
NOMADIC EMERALD/PINK CLAY,2545
NOMADIC ECRU/EMERALD,2546
NOMADIC ECRU/TEAL,2547
NOMADIC MIDNIGHT/ECRU,2548
NOMADIC BLACK/ECRU,2549
NOMADIC BLACK/CHAI,2550
CHARISMA TEAL/CORAL,2551
CHARISMA MARIGOLD/JADE,2552
CHARISMA ARMY/CHAI,2553
CHARISMA FIRE RED/FOAM BLEU,2554
CHARISMA CORAL/RUBY RED,2555
CHARISMA BURNT RED/OXYD RED,2556
CHARISMA ECRU/BLACK,2557
CHARISMA CIGAR/RUBY,2558
ECRU/CELESTE,2559
GREEN PALMS,2560
ECRU/LEMONADE,2561
RED/TERRACOTA,2562
CACAO/NUDE,2563
BASIL GREEN/BLACK,2564
NUDE/CACAO,2565
SAHARA DESSERT,2566
FOREST FRUIT,2567
FOREST BLACK,2568
DRIED MANGO/ECRU,2569
SIN COLOR,2570
MIDNIGHT BLUE /ORANGE,2571
CHAI TEA BROWN/LAVANDER,2572
CIGAR/LAVENDER,2573
SUMMER WINE/PINK CLAY/ECRU,2574
DARK BROWN/BLACK,2575
DARK CHOCOLATE,2576
CARIBE CORAL- RED- WINE,2577
CIGAR/APRICOT,2578
ECRU/BURNT MARSALA/BLACK,2579
OLD GOLD/SILVER,2580
ARGAN,2581
COPPER SKIN,2582
T A N L I N E S,2583
COCONUT WATER,2584
SOFT YELLOW,2585
TABASCO,2586
ALGAE,2587
ALGUES MIDNIGHT/ECRU,2588
ALGUES ECRU/TABASCO,2589
ALGUES SOFT YELLOW/TABASCO,2590
ALGUES ECRU/ALGAE,2591
ALGUES ECRU/MYKONOS BLUE,2592
ALGUES ECRU/RUST,2593
ALGUES AMBER/ECRU,2594
ALGUES CHOCOLATE/ECRU,2595
ALGUES ECRU CHOCOLATE,2596
PLAGE MIDNIGHT/SAND,2597
PLAGE MYKONOS BLUE/ECRU,2598
PLAGE SAND/CHOCOLATE,2599
PLAGE SAND/EMERALD,2600
LES COQUILLAGES ALGAE/CAMEL,2601
LES COQUILLAGES ECRU/MYKONOS BLUE,2602
LES COQUILLAGES ECRU/RUST,2603
BIJOUX TERRACOTA/ECRU,2604
BIJOUX ORANGE/ECRU,2605
BIJOUX CHOCOLATE/SOFT YELLOW,2606
BIJOUX RUST/ECRU,2607
LES VAGUES ECRU/TERRACOTA/BLACK,2608
LES VAGUES ECRU/TABASCO,2609
LES VAGUES TABASCO/SOFT YELLOW,2610
LES VAGUES ECRU/CHOCOLATE/RUST,2611
LES VAGUES CHOCOLATE/ECRU,2612
LES VAGUES OLIVE/ECRU,2613
LES VAGUES MIDNIGHT/ECRU,2614
LES VAGUES ECRU/BLACK/TERRACOTA,2615
LA RIVIÈRE STRIPES ECRU/BLACK/TERRACOTA,2616
LA RIVIÈRE STRIPES ECRU/TERRACOTA/BLACK,2617
LA RIVIÈRE STRIPES ECRU/SAFFRON/CHAMPAGNE,2618
LA RIVIÈRE STRIPES ECRU/CHOCOLATE/CHAMPAGNE,2619
LA RIVIÈRE STRIPES ECRU/OLIVE,2620
LA RIVIÈRE STRIPES OLIVE/ECRU,2621
LA RIVIÈRE STRIPES ECRU/MIDNIGHT,2622
ORNEMENTS MAYA ECRU/BLACK,2623
ORNEMENTS MAYA ECRU/TABASCO,2624
ORNEMENTS MAYA SOFT YELLOW/TABASCO,2625
ORNEMENTS MAYA ECRU/ALGAE,2626
ORNEMENTS MAYA MIDNIGHT/ECRU,2627
ORNEMENTS MAYA MYKONOS BLUE/ECRU,2628
ORNEMENTS MAYA CHOCOLATE/ECRU,2629
ORNEMENTS MAYA TABASCO/ECRU,2630
ORNEMENTS MAYA RUST/ECRU,2631
ORNEMENTS EMBERA BLACK/ECRU,2632
ORNEMENTS EMBERA SOFT YELLOW/TABASCO,2633
ORNEMENTS EMBERA ECRU/MIDNIGHT,2634
ORNEMENTS EMBERA RUST/ECRU,2635
ORNEMENTS EMBERA MYKONOS BLUE/ECRU,2636
ORNEMENTS EMBERA TABASCO/ECRU,2637
ORNEMENTS EMBERA CHOCOLATE/ECRU,2638
ORNEMENTS EMBERA ECRU/ALGAE,2639
LA MER TABASCO/SOFT YELLOW/RUST,2640
LA MER TABASCO/SOFT YELLOW/CHOCOLATE,2641
LA MER MIDNIGHT/ECRU,2642
LA SIRÈNE RUST/ECRU,2643
LA SIRÈNE TABASCO/SOFT YELLOW/CHOCOLATE,2644
LA SIRÈNE BLACK/ECRU,2645
BIJOUX ECRU/RUST,2646
MATCHA,2647
WINE/ECRU/PINK,2648
ECRU/BROWN/JADE,2649
EARTHY/PINK,2650
EARTHY/JADE,2651
LES COQUILLAGES ALGAE/CARAMEL,2652
MARSALA/NATURAL,2653
ECRU/BLACK/TERRACOTA,2654
OLIVE/ECRU,2655
TABACO/ECRU/BLACK,2656
NOGAL/ECRU,2657
DARK BROWN/ECRU,2658
ORANGE/CAMEL/ECRU,2659
NOGAL/BLACK,2660
MYKONOS BLUE/ECRU,2661
TABASCO/SOFT YELLOW/CHOCOLATE,2662
TABASCO/SOFT YELLOW/RUST,2663
TABASCO/ECRU/BLACK,2664
MUSTARD SEED,2665
BURNT CLAY,2666
OLD MAGENTA,2667
ANTIQUE JADE,2668
VINTAGE BLUE,2669
PALM LEAF GREEN,2670
CARIBBEN AQUA,2671
CLOVES SPICE,2672
SPARKLING MELON,2673
LIMONCELLO CREAM,2674
SUMMER ECRU,2675
SETTING SUN RED,2676
HIBISCUS PUNCH,2677
TROPICAL SKY,2678
HIBISCUS PUNCH TRIBU DE VERANO,2679
PALMAS AL VIENTOS ECRU/MULTICOLOR,2680
TRIBU DEL VERANO ECRU/JADE,2681
TRIBU DEL VERANO JADE,2682
CARIBBEN AQUA PALMAS AL VIENTO,2683
IKAT MARSALA/ ECRU,2684
PLANTPOTS MYKONOS BLUE/ ECRU,2685
TAN LINES,2686
DEEP EMERALD,2687
PALM MIST GREEN,2688
ABSINTHE GREEN,2689
IKAT ARGAN/ECRU,2690
IKAT DEEP EMERALD/ECRU,2691
IKAT MANDARINE/LIGHT JADE,2692
IKAT MARSALA/ECRU/RUST,2693
IKAT MARIGOLD/ECRU,2694
IKAT ECRU/MANDARINE,2695
IKAT BLACK/ECRU,2696
IKAT CAMEL/ECRU,2697
IKAT ECRU/MYKONOS,2698
STAMP MARIGOLD/ECRU,2699
STAMP MARSALA/ECRU,2700
STAMP TERRACOTA/ECRU/LILAC,2701
STAMP ECRU/CHOCOLATE/EMERALD,2702
STAMP ARGAN/ECRU/BLACK,2703
STAMP ECRU/BLACK,2704
STAMP MIDNIGHT/ECRU,2705
FLORALS ECRU/PEACH/GREEN,2706
FLORALS CANTALOUPE/BLUE,2707
FLORALS JADE/AMBER,2708
FLORALS BLACK/GREEN/ECRU,2709
FLORALS GREEN/AMBER/FUSCHIA,2710
FLORALS LILAC/AMBER,2711
FLORALS ECRU/MINT/WINE,2712
PLANTPOTS MARSALA/ECRU/LILAC,2713
PLANTPOTS MARSALA/ECRU,2714
PLANTPOTS MARIGOLD/ECRU/GREEN,2715
PLANTPOTS ECRU/MYKONOS BLUE,2716
PLANTPOTS MYKONOS BLUE/ECRU,2717
PLANTPOTS ABSINTHE GREEN/BROWN,2718
PLANTPOTS ECRU/PALM MIST GREEN,2719
TIEPRINT ARGAN/LILAC/ECRU,2720
TIEPRINT CHOCOLATE/CAMEL/ECRU,2721
TIEPRINT EMERALD GREEN/PEACH,2722
TIEPRINT MIDNIGHT/ECRU/BLUE,2723
LINES MYKONOS BLUE/ECRU,2724
LINES ECRU/BLACK,2725
LINES ECRU/DEEP EMERALD,2726
LINES ECRU/MARSALA,2727
TIEPRINT ARGAN/LILAC,2728
TIEPRINT CHOCOLATE/CARAMEL/ECRU,2729
IKAT SAND/MANDARINE,2730
NATURAL/CHOCOLATE,2731
DEEP EMERALD GREEN/NATURAL,2732
LILAC/NATURAL,2733
MARIGOLD/NATURAL,2734
ARGAN/NATURAL,2735
MIDNIGHT BLUE/NATURAL,2736
JADE/NATURAL,2737
NATURAL/PALM MIST GREEN,2738
CHOCOLATE / BLACK / ECRU,2739
TERRACOTA / ECRU,2740
EMERALD GREEN / GOLD,2741
MARIGOLD / GOLD,2742
BLACK / NATURAL / GOLD,2743
BLACK / ECRU / MIDNIGHT BLUE,2744
ECRU / TERRACOTA / GOLD,2745
LILAC/ECRU,2746
EARTHSHINE ECRU/BLACK,2747
BLOCKPRINT ROSE PETAL/ PEARL,2748
ABSINTHE GREEN/ECRU,2749
WINTER SUNSET,2750
MAGENTA RUBY,2751
FIG SPRITZ,2752
BORDEAUX,2753
WARM COBALT,2754
BURNISHED MARSALA,2755
HONEY SPICE,2756
FRENCH DIJON,2757
FREESIA YELLOW,2758
MALACHITE GREEN,2759
GREEN TEA,2760
BASILIC GREEN,2761
BITTER RED,2762
EXTRAVAGANT PINK,2763
CANDIED PINK,2764
DEEP LAVENDER,2765
SUZANI ECRU/BLACK/LAVENDER,2766
SUZANI ECRU/BLACK/BORDEAUX,2767
SUZANI ECRU/BLACK/BLUE,2768
SUZANI BLACK/HONEY SPICE,2769
SUZANI LIGHT PEACH/BLACK/MAGENTA,2770
SUZANI ANTIQUE ECRU/TERRACOTA/SUNSET,2771
SUZANI BLACK/BASIL/NUDE,2772
IKAT BLACK/ECRU/BORDEAUX,2773
IKAT ECRU/MIDNIGHT/COBALT,2774
IKAT BLACK/ECRU/BASILIC,2775
IKAT ANTIQUE ECRU/BRICK,2776
IKAT ANTIQUE ECRU/FIG SPRITZ,2777
FAIR BLACK/GREEN/HONEY,2778
FAIR BLACK/LAVENDER/ECRU,2779
FAIR BLACK/HONEY/FUSCHIA,2780
ANTIQUAIRE COPPER SKIN/BRICK,2781
ANTIQUAIRE BRICK/ANTIQUE ECRU,2782
ANTIQUAIRE ECRU/BRICK,2783
ANTIQUAIRE EXTRAVAGANT PINK/GREEN,2784
ANTIQUAIRE CANDIED PINK/HONEY,2785
ANTIQUAIRE DEEP LAVENDER/ECRU,2786
ANTIQUAIRE COPPER SKIN/LAVENDER,2787
ANTIQUAIRE BLACK/ECRU/LAVENDER,2788
ANTIQUAIRE GREEN/PINK/BITTER RED,2789
ANTIQUAIRE BORDEAUX/FUSCHIA/GREEN,2790
ANTIQUAIRE BLACK/FUSCHIA/GREEN,2791
ANTIQUAIRE BLACK/HONEY/PINK,2792
ANTIQUAIRE BLACK/JADE/BRICK,2793
ANTIQUAIRE BLACK/PALM MIST GREEN,2794
ANTIQUAIRE PALM MIST GREEN/YELLOW,2795
TIE BLACK/LAVENDER/ECRU,2796
TIE BLACK/GREEN TEA/NUDE,2797
TIE BLACK/ANTIQUE ECRU,2798
TIE TABACO/BLUE,2799
TIE BLACK/TABACO/SOFT YELLOW,2800
TIE TABACO/SOFT YELLOW,2801
TIE RUST/ANTIQUE ECRU,2802
ENDLESS BLACK,2803
NATURAL/TABASCO,2804
BLACK/ECRU/GOLD,2805
BLACK/ECRU/RUST,2806
BASILIC GREEN/MUSTARD/BLACK,2807
MILITARY GREEN/BLACK/ECRU,2808
CAMEL/ECRU/BLACK,2809
IKAT ECRU/BLACK/BORDEAUX,2810
OLIVE/CAMEL,2811
FAIR NAVY/BRICK,2812
IKAT BLACK/BORDEAUX,2813
BLACK/TABASCO,2814
BORDEAUX/BLACK/GOLD,2815
BASILIC GREEN/BLACK/GOLD,2816
DEEP LAVENDER/WINE/ANTIQUE ECRU,2817
BLACK/BORDEAUX/ANTIQUE ECRU,2818
TABACO/CAMEL/ANTIQUE ECRU,2819
MALACHITE GREEN/FRESSIA YELLOW/ANTIQUE ECRU,2820
BURNISHED,2821
BLACK/NAVY/ECRU,2822
MILITARY GREEN/BLACK/RUST,2823
PALM MIST GREEN/BLACK/GOLD,2824
BLACK/BASILIC GREEN/GOLD,2825
TABACO/BLACK/GOLD,2826
BRICK RED/BLACK/GOLD,2827
PALM MIST GREEN/GOLD,2828
NAVY/CAMEL/RUST,2829
SUZANI PALM MIST/TABACO,2830
SUZANI GREEN/BITTER RED,2831
FAIR MIDNIGHT/BRICK,2832
SUZANI MARSALA/BLACK/LILA,2833
FAIR TABASCO/SOFT YELLOW,2834
ANTIQUAIRE BLACK/JADE/BRICK/RED,2835
SUZANI MIDNIGHT/BRICK,2836
GOLD/BLACK,2837
ECRU/BLACK/RUST,2838
BLACK/COBALT,2839
FAIR GREEN/HONEY,2840
BLACK/ECRU/GREEN,2841
SUZANI ECRU/BLACK,2842
ANTIQUAIRE BORDEAUX/FUCSIA,2843
LILA/BLACK/ECRU,2844
BLACK/BROWN/GREEN,2845
ECRU/BLACK/BLUE,2846
ECRU/BLACK/ORANGE,2847
GREEN/BLACK/LILA/ORANGE,2848
ECRU/BLACK/RED,2849
TIEPRINT EMERALD/GREEN/ECRU,2850
MARIGOLD/ECRU,2851
COCONUTS COATED ORANGE/GOLD COAST YELLOW,2852
COCONUTS BLACK/ECRU/JUNIPER,2853
COCONUTS BLACK/PEACH/GREENERY,2854
COCONUTS ANKARA RED/BLUE/SALMON,2855
COCONUTS ANTIQUE ECRU/PINK/MILITARY,2856
COCONUTS BURNT MAROON/MYSTIQUE GREEN,2857
COCONUTS REDDISH CLAY/ECRU/INDIGO,2858
CARIBE TROPICAL - CARIBE,2859
TOILE BURNT MAROON/BLACK/ECRU,2860
TOILE RUSSET TERRACOTA/BLACK/ECRU,2861
TOILE MUSTARD ORANGE/ECRU/WINE,2862
TOILE SOFT GUAVA/CHOCOLATE/CORAL,2863
TOILE INDIGO/FESTIVE ORANGE,2864
TOILE ECRU/IVORY COAST/JUNIPER,2865
TOILE CHOCOLATE/GREENERY,2866
TOILE BLACK/DEEP GREEN/MYSTIQUE GREEN,2867
TOILE BLACK/JADE/MUSTARD,2868
TOILE BLACK/GREENERY/ANTIQUE ECRU,2869
MOLA CAMEL/FESTIVE ORANGE/ULTRAVIOLET,2870
MOLA CAMEL/FUSCHIA/ULTRAVIOLET,2871
MOLA BLACK/TEAL WATERS/BLUE WATERS,2872
MOLA BLACK/MILITARY/ECRU,2873
MOLA BLACK/RED PLUM/WASHED TURQUOISE,2874
MOLA BLACK/NEON GREENERY/BLUE,2875
KUNA MUSTARD ORANGE/JUNIPER/GRAY,2876
KUNA BLACK/ANTIQUE ECRU,2877
KUNA INDIGO/FESTIVE ORANGE/TERRACOTA,2878
KUNA CHOCOLATE/SOFT GUAVA/ECRU,2879
KUNA CHOCOLATE/TERRACOTA/ECRU,2880
KUBA ANKARA RED/ECRU,2881
KUBA EMERALD/ANTIQUE ECRU,2882
KUBA MIDNIGHT BLUE/FESTIVE ORANGE,2883
KUBA BLACK/ECRU,2884
KUBA ECRU/BLACK,2885
BEADS BLACK/ECRU/REDDISH CLAY,2886
BEADS BLACK/OLD LAVENDER/ORANGE,2887
BEADS TERRACOTA/WINE/HONEY PEACH,2888
TRIBAL ECRU/BLACK,2889
TRIBAL CHOCOLATE/ECRU/BLACK,2890
TRIBAL BLACK/ECRU/RED,2891
TRIBAL JUNIPER/BLACK/ECRU,2892
TRIBAL SOFT GUAVA/HONEY PEACH/BLACK,2893
NAVY BLUE/CAMEL,2894
TOBACCO/CAMEL,2895
MUSTARD/CAMEL,2896
FADED ROSE/CAMEL/ECRU,2897
RUST/ECRU,2898
OLD MAGENTA/CAMEL,2899
FADED ROSE/CAMEL,2900
ANTIQUE JADE/CAMEL,2901
VINTAGE BLUE/CAMEL,2902
OLD MAGENTA/ECRU,2903
NAVY BLUE/NATURAL,2904
FADED ROSE/NATURAL,2905
ANTIQUE JADE/NATURAL,2906
ANTIQUE JADE/OLIVE,2907
OLIVE/MUSTARD/NATURAL,2908
NAVY BLUE/VINTAGE BLUE/NATURAL,2909
NAVY BLUE/TERRACOTA/NATURAL,2910
ANTIQUE JADE/MUSTARD/NATURAL,2911
TERRACOTA/NOGAL,2912
NAVY BLUE/NOGAL,2913
OLIVE/NOGAL,2914
OLD MAGENTA/NATURAL,2915
OLIVE/MAGENTA/NATURAL,2916
NAVY BLUE/RUST / ECRU,2917
VINTAGE BLUE/NAVY BLUE/NATURAL,2918
VINTAGE BLUE/RUST/ECRU,2919
MUSTARD/ANTIQUE JADE/NATURAL,2920
TOBACCO/ECRU,2921
NAVY BLUE/ECRU,2922
MUSTARD/OLIVE,2923
OLIVE/OLD MAGENTA/ECRU,2924
VINTAGE BLUE/RUST,2925
OLD MAGENTA/RUST/NATURAL,2926
NAVY BLUE/RUST/NATURAL,2927
ECRU/VINTAGE BLUE/RUST,2928
MUSTARD/ANTIQUE JAD/ECRU,2929
ECRU/OLIVE/OLD MAGENTA,2930
OLIVE/CARAMEL,2931
NAVY BLUE/CARAMEL,2932
TERRACOTA/CARAMEL,2933
TRANSPARENT/SILVER,2934
BLACK/BROWN,2935
CARIBE,2936
TOILE BLACK/NEON GREENERY/BLUE,2937
TIEPRINT BLACK/CARAMEL/ECRU,2938
MYSTIQUE EMERALD,2939
FUCSHIA,2940
KENTE JUNIPER,2941
TOILE BLACK/RED PLUM/WASHED TURQUOISE,2942
RED PLUM,2943
ANKARA RED,2944
FESTIVE ORANGE,2945
CADMIUM MUSTARD,2946
BURNT MAROON,2947
REDDISH CLAY,2948
DEEP GREEN,2949
ECRU/BLACK/MARSALA,2950
MILITARY OLIVE,2951
MILITARY OLIVE/BLACK/ECRU,2952
CHOCOLATE BROWN,2953
ANCIENT CHARCOAL/TANGERINE SUNSET,2954
FESTIVE ORANGE/FUCSHIA,2955
ANCIENT CHARCOAL/RELAXED GREENERY,2956
IVORY COAST/MULTICOLOR,2957
TROPICAL ORCHID/MULTICOLOR,2958
KENTE JUNIPER/MULTICOLOR,2959
ANKARA RED/BURGUNDY/BLACK,2960
ECRU/BLACK/CHOCOLATE BROWN,2961
GOLD COAST YELLOW/BLACK/CHOCOLATE BROWN,2962
DEEP GREEN/BLACK/RUST,2963
REDDISH CLAY/BLACK,2964
SILVER/BLACK,2965
BEIGE/BLACK,2966
FESTIVE ORANGE/BLACK,2967
BURNT MAROON/BLACK,2968
KENTE JUNIPER/BLACK,2969
GOLD/ECRU,2970
MARSALA/BLACK/ECRU,2971
MIDNIGHT BLUE/BLACK/ECRU,2972
BLACK/LILA/ORANGE/RELAXED GREENERY,2973
ECRU/ORANGE/BLACK/FUCSHIA,2974
TROPICAL ORCHID,2975
RELAXED GREENERY,2976
RUSSET TERRACOTA,2977
DEEP GREEN/ECRU,2978
BLACK/DEEP GREEN,2979
BLACK/ECRU/TANGERINE/GREEN,2980
ECLECTIC VIOLET,2981
VIVID LAVENDER,2982
BLACK/ECRU/CAMEL,2983
DEEP GREEN/ECRU/BLACK,2984
BLACK/ECRU/NATURAL,2985
MUSTARD/DEEP GREEN/NATURAL,2986
CAMEL/ANKARA RED/NATURAL,2987
ANCIENT CHARCOAL,2988
RUSSET TERRACOTA/WASHED TURQUOISE/BLACK/ECRU,2989
REDDISH CLAY/TANGERINE SUNSET/BLACK,2990
MYSTIQUE EMERALD/ECRU,2991
DEEP GREEN/RUST/BLACK/ECRU,2992
DEEP GREEN/LILA/BLACK,2993
BLACK/MUSTARD/ECRU,2994
NOGAL/ECRU/BLACK,2995
SOFT GUAVA,2996
REDDISH CLAY/ECRU,2997
BEIGE/ECRU,2998
KENTE JUNIPER/ECRU,2999
CONGO ECRU/BLACK/JUNIPER GREEN,3000
CONGO BLACK/CHOCOLATE/PINK,3001
CONGO MIDNIGHT BLUE/ECRU,3002
CONGO YELLOW/DEEP GREEN/FUCSIA,3003
CONGO SOFT GUAVA/RED PLUM,3004
CONGO CLAY/BLACK/GRAY INDIGO,3005
KUBANKYOTO BLACK/ECRU/CHOCOLATE,3006
KUBANKYOTO HONEY PEACH/EMERALD/LILA,3007
KUBANKYOTO WASHED BLUE/BROWN/YELLOW,3008
KUBANKYOTO HONEY PEACH/BROWN/RED,3009
KIMONO BLACK/ECRU,3010
KIMONO GREEN/ECRU,3011
KIMONO ECRU/NAVY,3012
KIMONO HONEY PEACH/ORANGE,3013
KIMONO GREEN/YELLOW,3014
KIMONO MAROON/YELLOW,3015
KIMONO BROWN/PINK,3016
KIMONO CAMEL/FUCSIA,3017
KIMONO FUCSIA/WINE,3018
ANKARA LILAC/BLACK/SAND,3019
ANKARA TERRACOTA/BLACK/SOFT PINK,3020
ANKARA GREEN/BLACK/SAND,3021
ANKARA RED/BLACK/INDIGO,3022
ANKARA INDIGO/BLACK/ORANGE MONK,3023
ANKARA RED/BLACK/ORANGE MONK,3024
ANKARA ORANGE/BLACK/FUCSIA,3025
KASURI BLACK/ECRU,3026
KASURI CHOCOLATE/PINK,3027
KASURI MAROON/MUSTARD,3028
KASURI MAROON/MINT,3029
KASURI ECRU/TERRACOTA,3030
KASURI ORANGE/CELESTE,3031
KASURI FUCSIA/EMERALD,3032
ORINOCO PEACH/RUST,3033
ORINOCO ANKARA RED/ECRU,3034
ORINOCO RUST/FUCSIA,3035
ORINOCO ECRU/JUNIPER GREEN,3036
ORINOCO NAVY/ECRU,3037
ORINOCO WINE/AMAZONITE BLUE,3038
TRIBAL BLACK/ECRU,3039
TRIBAL JUNIPER GREEN/ECRU,3040
TRIBAL WINE/AMAZONITE BLUE,3041
TRIBAL TERRACOTA/PEACH,3042
TRIBAL BROWN/ORANGE,3043
TRIBAL BLACK/FUCSIA,3044
BEADS ECRU/BLACK/MINT,3045
BEADS JUNIPER GREEN/BLACK/MUSTARD,3046
BEADS FUCSIA/WINE/PEACH,3047
BEADS CLAY/GRAY BLUE/BLACK,3048
IVORY COAST,3049
BURNISHED CAMEL,3050
RUSTY MARSALA,3051
LIGHT PEACH,3052
TANGERINE SUNSET,3053
GOLD COAST YELLOW,3054
MUSTARD ORANGE,3055
NAMIB DESERT,3056
COATED ORANGE,3057
HONEY PEACH,3058
INTENSE SALMON,3059
EUPHORIC LILAC,3060
TEAL WATERS,3061
WASHED TURQUOISE,3062
AMAZONITE BLUE,3063
INTENSE BLUE,3064
ADIRE INDIGO,3065
GRAY INDIGO,3066
ULTRA VIOLET,3067
TROPICAL GEMSTONES CARAMEL,3068
TROPICAL GEMSTONES EMERALD,3069
TROPICAL GEMSTONES CENDRE BLUE,3070
TROPICAL GEMSTONES FUCSIA,3071
TROPICAL GEMSTONES MONK ORANGE,3072
TROPICAL GEMSTONES ROOIBOS LILAC,3073
BLACK/VERDE,3074
ECRU/SALMON,3075
KUBANKYOTO HONEY PEACH/CUBAN/RED,3076
KUBANKYOTO HONEY PEACH/EMERALD/LILAC,3077
EMERALD/GOLD,3078
CHOCOLATE/GOLD,3079
FOREST,3080
BEADS ECRU/BLACK/MIND,3081
RUST/ECRU/CHOCOLATE,3082
ULTRA VIOLET/NATURAL,3083
MILITARY OLIVE/NATURAL,3084
MONK ORANGE/NATURAL,3085
EMERALD/NATURAL,3086
ADIRE INDIGO/NATURAL,3087
BLACK/ECRU/LILA/TERRACOTA,3088
CENDRE BLUE,3089
CARAMEL/BLACK/ECRU,3090
ROOIBOS/FRAGRANT LILAC,3091
BLACK/ORANGE/INDIGO,3092
BLACK/ECRU/EMERALD/YELLOW,3093
BURNT MAROON/BLACK/ECRU,3094
BLACK/MUSTARD,3095
BLACK/CHOCOLATE,3096
BEIGE/REDDISH CLAY,3097
CHOCOLATE BROWN/ BLACK,3098
EMERALD GREEN/LILA,3099
MARSALA/WASHED TURQUOISE,3100
EUPHORIC LILAC/EMERALD,3101
CONGO NAVY/ECRU,3102
KUNA CHOCOLATE/JUNIPER/ECRU,3103
KUNA CHOCOLATE/LILAC/ECRU,3104
KUNA CHOCOLATE/GUAVA/ECRU,3105
COPPER/BLACK,3106
BLACK/COPPER,3107
BURNISHED CAMEL/ECRU,3108
ECRU/BRONZE,3109
BLACK/MILITARY OLIVE,3110
MARSALA/CELESTE BLUE,3111
WINE/ECRU,3112
BLACK/BRONZE,3113
MARSALA/EMERALD,3114
BLACK/ORANGE MONK,3115
ROOIBOS/FUCSIA,3116
ROOIBOS/EMERALD,3117
BROWN/BLACK/COPPER,3118
BLACK/WINE,3119
PALM ECRU/RED/GREEN,3120
JADE/CHOCOLATE,3121
BLACK/TERRACOTA/ECRU,3122
SERENE SAND,3123
LIGHT OCHRE,3124
BEIGE FOSSIL,3125
BURNT HAZELNUT,3126
MOUNTAIN SUNRISE,3127
SEVILLA YELLOW,3128
TIBETAN RHUBARD,3129
STRONG CINAMMON,3130
ORANGE TIGER,3131
ROJO FLAMENCO,3132
WINE MADDER,3133
GINGER SPICE,3134
GUANE CLAY,3135
REDDISH STONE,3136
CAVE TERRACOTA,3137
PECAN BURGUNDY,3138
RUPESTRE MAROON,3139
ICONIC BLACK,3140
SALMON QUARTZ,3141
DANCE BLUSH,3142
AURORA PINK,3143
TOURMALINE PINK,3144
FESTIVE AMETHYST,3145
IBERIAN ORCHID,3146
FIERCE VIOLET,3147
GRAYISH GRAPE,3148
ARABESQUE MAGENTA,3149
GITANA WINE,3150
MAHOGANY,3151
ANCIENT INDIGO,3152
GRAYISH SAPPHIRINE,3153
DHARMA SKY,3154
MARINE COBALT,3155
PURE CYAN,3156
SOFT TURQUOISE,3157
VIBRANT SAGE,3158
GARDEN TEAL,3159
FESTIVE EMERALD,3160
PINE GREEN,3161
JUNGLE EMERALD,3162
MIDNIGHT GREEN,3163
TIGER SALMON/ORANGE,3164
TIGER DANCE BLUSH/ORANGE,3165
TIGER RED/DANCE BLUSH,3166
TIGER AURORA PINK/LIGHT OCRE,3167
TIGER MAGENTA/BEIGE FOSSIL,3168
TIGER ECRU/IBERIAN ORCHID/TEAL,3169
TIGER PINE GREEN/VIOLET,3170
TIGER REDDISH STONE/GARDEN TEAL,3171
TIGER GITANA WINE/FOREST GREEN,3172
TIGER MAHOGANY/PURE CYAN,3173
TIGER GINGER SPICE/JUNGLE EMERALD,3174
TIGER GARDEN TEAL/ANTIQUE ECRU,3175
TIGER BEIGE FOSSIL/SEVILLA YELLOW,3176
TIGER JUNGLE EMERALD/CAVE TERRACOTA,3177
FOSSIL BLACK/ECRU,3178
FOSSIL ECRU/BLACK,3179
FOSSIL MAHOGANY/ECRU,3180
FOSSIL RUPESTRE MAROON/BLACK,3181
FOSSIL SALMON QUARTZ/WINE MADDER,3182
FOSSIL TURQUOISE/GUANE CLAY,3183
FOSSIL PURE CYAN/GUANE CLAY,3184
FOSSIL ECRU/JUNGLE EMERALD,3185
MUSA ECRU/BLACK,3186
MUSA SAND/MAROON,3187
MUSA OCRE/CINNAMON,3188
MUSA ECRU/VIOLET,3189
MUSA BLACK/ECRU/VIOLET,3190
MUSA BLACK/MAGENTA,3191
MUSA BLACK/ECRU/GRAYISH GRAPE,3192
MUSA GITANA WINE/GINGER SPICE,3193
MUSA GRAYISH GRAPE/MIDNIGHT GREEN,3194
MUSA FOREST GREEN/PECAN,3195
MUSA VIBRANT SAGE/VIOLET,3196
MUSA ECRU/FOREST GREEN,3197
TIBETAN MAGENTA/ECRU,3198
TIBETAN CAVE TERRACOTA/ECRU,3199
TIBETAN TURQUOISE/ECRU,3200
TIBETAN MIDNIGHT GREEN/ECRU,3201
TIBETAN MAHOGANY/GRAYISH GRAPE,3202
TIBETAN MIDNIGHT GREEN/GRAYISH GRAPE,3203
PALMS MADDER/ROJO,3204
PALMS ORANGE/PECAN,3205
PALMS SALMON/ECRU,3206
PALMS CLAY/ECRU,3207
PALMS GINGER/GREEN,3208
PALMS MAROON/GREEN,3209
PALMS EMERALD/WINE,3210
PALMS SAPPHIRINE/LIGHT OCRE,3211
PALMS ECRU/MAHOGANY,3212
PALMS ECRU/YELLOW,3213
PALMS ECRU/FESTIVE EMERALD,3214
PALMS ORCHID/ECRU,3215
PALMS VIOLET/VIBRANT SAGE,3216
PALMS DARK CHOCOLATE/TURQUOISE,3217
TYE DYE ECRU/REDDISH STONE,3218
TYE DYE STRONG CINNAMON/WINE,3219
TYE DYE MAHOGANY/TOURMALINE PINK,3220
TYE DYE JUNGLE EMERALD/MOUNTAIN SUNRISE,3221
TYE DYE FESTIVE EMERALD/MIDNIGHT GREEN,3222
AMPHORA TOURMALINE PINK/GINGER SPICE,3223
AMPHORA ROJO/ORANGE TIGER,3224
AMPHORA GRAYISH GRAPE/LIGHT OCRE,3225
AMPHORA PINE GREEN/LIGHT OCRE,3226
AMPHORA MARINE COBALT/GITANA WINE,3227
AMPHORA TURQUOISE/REDDISH STONE,3228
AMPHORA SEVILLA YELLOW/ANCIENT INDIGO,3229
DOTS ECRU/FOREST GREEN,3230
DOTS SERENE SAND/FOREST GREEN,3231
DOTS SERENE SAND/BLACK,3232
NATURAL/BURNT MAROON,3233
NATURAL/LILA,3234
NATURAL/REDDISH STONE,3235
NATUTAL/TOURMALINE PINK,3236
NATURAL/GOLD,3237
GOLD/SILVER,3238
DANCE BLUSH ORANGE,3239
BLACK/ECRU/VIOLET,3240
GREEN/BLACK,3241
RED/ORANGE/ECRU,3242
CURUBA/WINE,3243
PINE GREEN/VIOLET,3244
SAGE/VIOLET,3245
RED/DANCE BLUSH,3246
BURNT MAROON/NATURAL,3247
LILA/PINE GREEN/NATURAL,3248
REDDISH STONE/ECRU/NATURAL,3249
ECRU/BLACK/NATURAL,3250
SILVER/GOLD/NATURAL,3251
BURNT MAROON/GOLD/NATURAL,3252
ORANGE TIGER/SILVER/NATURAL,3253
COPPER/DARK CHOCOLATE,3254
REDDISH STONE/SALMON,3255
GOLD/SILVER/NATURAL,3256
NUDE/SILVER/NATURAL,3257
NUDE/COPPER,3258
BURNT MAROON/GOLD,3259
EMERALD/MIND,3260
NUDE/SILVER,3261
JUNGLE EMERALD/ECRU,3262
BLACK/RUPESTRE MAROON/ECRU,3263
GITANA WINE/BLACK/ECRU,3264
ROJO FLAMENCO/MONK ORANGE,3265
NEON PINK,3266
BURNT MAROON/ECRU,3267
BLACK/ECRU/JUNGLE EMERALD,3268
ECRU/GOLD,3269
ECRU/FIERCE VIOLET,3270
ANCIENT INDIIGO,3271
WINE/PURPLE,3272
MARSALA/PINK,3273
DARK GREY/PINK,3274
PINE GREEN/AURORA PINK/GOLD,3275
DARK CHOCOLATE/ECRU/GOLD,3276
ANCIENT INDIGO/WINE/GOLD,3277
REDDISH STONE/ORANGE/GOLD,3278
ACQUA/BROWN/ANTIQUE ECRU,3279
PURPLE/GREEN/ECRU,3280
BROWN/SKY BLUE/YELLOW,3281
LAVANDA/ECRU/ORANGE,3282
MARSALA/GREEN/ECRU,3283
PINE GREEN/ECRU,3284
REDDISH STONE/ECRU,3285
WINE MADDER/ECRU/TURQUOISE,3286
CAVE TERRACOTA/LIGHT OCHRE/MIDNIGHT GREEN,3287
REDDISH STONE/LIGHT OCHRE/BLACK,3288
ROJO FAMENCO/ANTIQUE ECRU,3289
PECAN BURGUNDY/ECRU,3290
JUNGLE EMERALD/LILA,3291
BLACK/SILVER/GOLD,3292
CELESTE/ECRU/SALMON,3293
CAMEL/BEIGE,3294
WINE MADDER/DANCE BLUSH,3295
JUNGLE EMERALD/LAVANDER,3296
MILITARY/BLACK/ORANGE,3297
SAMOA ECRU/BROWN/GREEN,3298
GREEN/PINK/TERRACOTA,3299
CUZCO RUBY CERISE/WINE/ECRU,3300
CUZCO RUBY CERISE/ECRU,3301
CUZCO HAZEL/ECRU/PINK,3302
CUZCO ECRU/RED/PINK,3303
CUZCO SAND/WINE/COBALT,3304
CUZCO SAND/COBALT/WINE,3305
CUZCO ECRU/GREEN,3306
CUZCO COBALT/ECRU/WINE,3307
CUZCO ECRU/BLACK,3308
CUZCO BEIGE/ECRU/GREEN,3309
QUECHUA RUBYCERISE/VELVET/BEIGE,3310
QUECHUA ECRU/TERRACOTA/LILAC,3311
QUECHUA TERRACOTA/LILAC/HAZEL,3312
QUECHUA MUSTARD/ORANGE/TERRACOTA,3313
QUECHUA OLIVE/HAZEL/BEIGE,3314
QUECHUA GREEN/OLIVE/MINT,3315
ANDEAN RUBY CERISE/ECRU,3316
ANDEAN ECRU/RUBY CERISE,3317
ANDEAN WINE/RUBY CERISE,3318
ANDEAN RED/MUSTARD,3319
ANDEAN HAZEL/ECRU/PINK,3320
ANDEAN YELLOW/ECRU/WOOD,3321
ANDEAN GREEN/ECRU,3322
ANDEAN ECRU/GREEN,3323
ANDEAN ECRU/BLACK,3324
ANDEAN BLACK/ECRU,3325
ANDEAN ECRU/WINE/BLUE,3326
ANDEAN COBALT/ECRU,3327
ANDEAN ECRU/OBALT,3328
SACRED SUN TOBACCO/RUBYCERISE/ECRU,3329
SACRED SUN PINK/HAZEL/WINE,3330
SACRED SUN LOTUS/COCOA/MINT,3331
SACRED SUN ECRU/GREEN,3332
SACRED SUN NAVY/ECRU,3333
CENEFA TOBACCO/RUBYCERISE/ECRU,3334
CENEFA HAZEL/WINE/PINK,3335
CENEFA COCOA/MUSTARD/MINT,3336
PAREO TOBACCO/RUBYCERISE/ECRU,3337
PAREO PINK/HAZEL/WINE,3338
PAREO YELLOW/COCOA/ECRU,3339
PAREO GREEN/ECRU,3340
PAREO BLUE/BLACK/ECRU,3341
PAREO BLACK/ECRU,3342
BANANA ECRU/GREEN/TOBACCO,3343
BANANA ECRU/OLIVE/TOBACCO,3344
BANANA EMERALD/COCOA,3345
BANANA SALMON/COCOA,3346
BANANA RED/COCOA,3347
BANANA YELLOW/COCOA,3348
LEAF ECRU/BLACK,3349
LEAF ECRU/NAVY,3350
TROPIC BLACK/ECRU,3351
TROPIC ECRU/BLACK,3352
TROPIC ECRU/BLUE,3353
TROPIC ECRU/CERULEAN/WINE,3354
TROPIC COBALT/ECRU,3355
TROPIC ECRU/WINE/CERULEAN,3356
TROPIC ECRU/RED/TOBACCO,3357
TROPIC ECRU – COCOA - YELLOW,3358
TROPIC YELLOW – ECRU - COCOA,3359
TROPIC ECRU - GREEN,3360
TROPIC GREEN – ECRU - PINK,3361
TROPIC ECRU – PINK - GREEN,3362
TROPIC PINK – ECRU - TOBACCO,3363
TROPIC ECRU – WINE - HAZEL,3364
TROPIC LOTUS – WINE - MUSTARD,3365
TROPIC,3366
ANCIENT BEIGE,3367
SILVERSMITH SHADE,3368
SOFT LILY,3369
GOLDSMITH SHADE,3370
BRIGHT MUSTARD,3371
YELLOW SUNRISE,3372
NOGAL NUT,3373
DUSTY ORANGE,3374
CELOSIA ORANGE,3375
INTENSE TANGELO,3376
TITIAN TERRACOTA,3377
SPICY TANGERINE,3378
RUBY CERISE,3379
VELVET RED,3380
HAZEL CLAY,3381
TOBACCO WOOD,3382
COCOA WINE,3383
AZUCENA BURGUNDY,3384
BLUSHED SCARLET,3385
ELECTRIC FUCSIA,3386
COATED PINK,3387
CANTUTA PINK,3388
SALMON ROSÉ,3389
OLD LOTUS,3390
ANTIQUE LILAC,3391
LAVENDER TULIP,3392
BLUE JACARANDA,3393
HAZY BLUE,3394
AZURE CERULEAN,3395
ANDEAN COBALT,3396
INTENSE LAPIS LAZULI,3397
RADIANT ARCADIA,3398
PALE LIMEMINT,3399
INCA PEA,3400
SAGE OLIVE,3401
CUZCO EMERALD,3402
SOUTHERN JUNIPER,3403
DEEP FOREST,3404
GREENERY MOSS,3405
FOLIAGE GREEN,3406
ANDEAN TROPIC ECRU/RED,3407
TROPIC ECRU/PINK/TOBACCO,3408
CROSS STITCH ECRU/BLACK,3409
CROSS STITCH RED/ECRU,3410
FIERCE VIOLET/SILVER,3411
SOUTHERN JUNIPER/ECRU,3412
ECRU/KEROS WOOD,3413
HAZEL CLAY/ANCIENT BEIGE,3414
ECRU/UNCU RED,3415
INTI GOLDEN/SAND/BLACK,3416
BLACK/ECRU/HAZY BLUE,3417
HAZEL CLAY/CAMEL,3418
CUZCO EMERALD/CAMEL,3419
RUBY CERISE/TOBACCO/ECRU,3420
PINK/HAZEL/WINE,3421
YELLOW/COCOA/ECRU,3422
PAREO RUBY CERISE/TOBACCO/ECRU,3423
HAZEL CLAY/INTI GOLDEN,3424
BLACK/SILVERSMITH SHADE,3425
TITIAN TERRACOTA/PINK,3426
BLACK/DARK CHOCOLATE,3427
UNCU RED/NATURAL,3428
DEEP FOREST/NATURAL,3429
HAZEL CLAY/NATURAL,3430
INTI GOLDEN/NATURAL,3431
INTENSE LAPISLAZULI,3432
AZUCENA BURGUNDY/LILA,3433
NATURAL/INTENSE LAPISLAZULI,3434
TITIAN TERRACOTA/NOGAL NUT,3435
INTENSE LAPISLAZULI/KEROS WOOD,3436
DEEP FOREST/KEROS WOOD,3437
BLACK/KEROS WOOD,3438
INTI GOLDEN/ SOUTHERN JUNIPER/ECRU,3439
AZUCENA BURGUNDY/COBALT/ORANGE,3440
UNCU RED/OLD LOTUS/BURGUNDY,3441
CUZCO EMERALD/TANGERINE/HAZEL CLAY,3442
ANDEAN COBALT/HAZEL CLAY/ECRU,3443
UNCU RED/CELOSIA ORANGE,3444
NUDE/COPPER/NATURAL,3445
SOUTHERN JUNIPER/NATURAL,3446
BLUE JACARANDA/LAPISLAZULI/ECRU,3447
UNCU RED/SPICY TANGERINE/ PINK,3448
CUZCO EMERALD/ANCIENT BEIGE/CANTUTA PINK,3449
LIMEMINT/CAMEL,3450
TOKAPU CERISE/CAMEL,3451
INCA JOLI YELLOW/CAMEL,3452
HAZEL CLAY/ECRU,3453
AZUCENA BURGUNDY/ECRU,3454
SILVER/NATURAL,3455
FUCSIA,3456
JAZMIN TEA,3457
AQUA GREEN,3458
CUZCO BLACK/ECRU,3459
HAZEL,3460
LEAF NAVY/ECRU,3461
ECRU/INTENSE LAPISLAZULI,3462
NATURAL/KEROS WOOD,3463
BLACK/NUDE/NATURAL,3464
HAZEL CLAY/NUDE/NATURAL,3465
SOUTHERN JUNIPER/NUDE/NATURAL,3466
TROPIC ECRU/RED,3467
TROPIC ECRU/PINK,3468
TROPIC MARSALA/TOBACCO,3469
TROPIC ECRU/JADE,3470
TROPIC PINK/ECRU,3471
HAZEL/RED,3472
TROPIC YELLOW/ECRU,3473
INTENSE TANGELO/BURGUNDY,3474
EMERALD/FUSCIA,3475
RED DAHLIA/FUCSIA,3476
TIYARIK/ECRU,3477
TIYARIK/FUSCIA,3478
QUECHUA DUSTY,3479
QUECHUA BRONZE,3480
QUECHUA ECRU/TERRACOTA,3481
ECRU/HAZEL CLAY,3482
BRIGHT CERISE,3483
TOBACCO COCOA,3484
VIBRANT MAGENTA,3485
COSMOS PINK,3486
VINTAGE GRAPE,3487
CORAL LOTUS,3488
BRICK ORANGE,3489
INTENSE OLIVE,3490
GRAYISH BLUE,3491
SHINNING BLUE,3492
AZURE BLUE,3493
TROPICAL JUNIPER/PINK/PEA,3494
TROPICAL BLACK/GREEN/ECRU,3495
TROPICAL NAVY/POTTERY BLUE/ECRU,3496
TROPICAL WINE/MAGENTA/RED,3497
TROPICAL ECRU/CLAY/PINK,3498
TROPICAL PEA/TERRACOTA/ECRU,3499
COSMOGONY ECRU/PINK/BLUE,3500
COSMOGONY SALMON/WINE/ECRU,3501
COSMOGONY RED/PINK/MUSTARD,3502
COSMOGONY RED/WINE/ECRU,3503
COSMOGONY MUSTARD/WINE/PINK,3504
COSMOGONY BLACK/ECRU,3505
COSMOGONY NAVY/POTTERY BLUE/ECRU,3506
COSMOGONY TOBACCO/RED/MINT,3507
COSMOGONY GREEN/RED/MAGENTA,3508
COSMOGONY GREEN/EMERALD/ECRU,3509
COSMOGONY GREEN/ECRU,3510
CENEFA BLACK/ECRU/BLUE,3511
CENEFA NAVY/ECRU,3512
CENEFA ECRU/PINK/BLUE,3513
CENEFA PINK/WINE,3514
CENEFA RED/PINK/BROWN,3515
CENEFA RED/ECRU,3516
CENEFA WINE/MAGENTA/MINT,3517
CENEFA OLIVE/PINK/BLUE,3518
CENEFA GREEN/MINT,3519
CENEFA GREEN/ECRU,3520
CENEFA MUSTARD/SALMON/WINE,3521
BEDOUIN ECRU/BLACK,3522
BEDOUIN BLACK/ECRU,3523
BEDOUIN ECRU/RED/ORANGE,3524
BEDOUIN SAND/FUCSIA/TOBACCO,3525
BEDOUIN ECRU/FUCSIA/ORANGE,3526
BEDOUIN RED/SAND/PINK,3527
BEDOUIN RED/TOBACCO/PINK,3528
BEDOUIN COCOA/YELLOW/ORANGE,3529
BEDOUIN ECRU/MUSTARD/BEIGE,3530
BEDOUIN COBALT/ECRU/NAVY,3531
BEDOUIN ECRU/BLUE/WINE,3532
BEDOUIN GREEN/ECRU,3533
CUBA ECRU/BLACK/BLUE,3534
CUBA BLACK/GREEN,3535
CUBA ECRU/BLACK,3536
CUBA ECRU/RED,3537
CUBA COCOA/MINT,3538
CUBA SAND/WINE,3539
CUBA ECRU/YELLOW,3540
CUBA WINE/RED,3541
CUBA TOBACCO/ORANGE,3542
CUBA FUCSIA /WINE,3543
CUBA PINK/WINE,3544
CUBA TOBACCO/BLUE/ECRU,3545
CUBA ORANGE/BLUE,3546
CUBA NAVY/ECRU,3547
CUBA BLUE/ECRU,3548
CUBA TOBACCO/BLUE,3549
CUBA ECRU/NAVY,3550
CUBA GREEN/ECRU,3551
CUBA EMERALD/GREEN,3552
CUBA COCOA /SALMON,3553
CUBA EMERALD/ECRU,3554
CENEFA BLACK/OLIVE/RED,3555
CENEFA COCOA/MINT,3556
CENEFA COCOA/ECRU/GREEN,3557
CENEFA ECRU/GREEN,3558
CENEFA SAND/GREEN,3559
CENEFA SAND/EMERALD,3560
CENEFA TOBACCO/BLUE,3561
CENEFA BLUE/WINE/ECRU,3562
CENEFA POTTERY BLUE/NAVY,3563
CENEFA ECRU/LAVANDER,3564
CENEFA ECRU/BLUE,3565
CENEFA ECRU/ORANGE,3566
CENEFA RED/WINE/MINT,3567
CENEFA SALMON/WINE,3568
CENEFA WINE/ECRU/FUCSIA,3569
CENEFA SAND/WINE/PINK,3570
CENEFA COCOA/MUSTARD,3571
CENEFA BLACK/ECRU,3572
QUECHUA RUBYCERISE/BEIGE,3573
GEOMETRIC TOBACCO/RED/PINK,3574
GEOMETRIC WINE/ECRU/BLUE,3575
GEOMETRIC COCOA/ECRU/PINK,3576
GEOMETRIC GREEN/FUCSIA/CLAY,3577
GEOMETRIC SAND/GREEN/FUCSIA,3578
GEOMETRIC RED/MUSTARD/SALMON,3579
GEOMETRIC BLUE/POTTERY BLUE/ECRU,3580
GEOMETRIC BLACK/ECRU/WINE,3581
STRIPES GREEN/FUCSIA/CLAY,3582
STRIPES RED/ORANGE/ECRU,3583
STRIPES BLACK/BLUE/ECRU,3584
BRAIDED BLACK/ECRU,3585
BRAIDED RED/BLACK/ECRU,3586
BRAIDED ORANGE/YELLOW/ECRU,3587
BRAIDED BLUE/ORANGE/ECRU,3588
BRAIDED GREEN/ECRU/FUCSIA,3589
HONEYCOMB GREEN/GOLD,3590
HONEYCOMB BLACK/GOLD,3591
FRINGES ECRU/BLUE/WINE/BLACK,3592
FRINGES ECRU/FUCSIA/ORANGE,3593
STRIPES GREEN/FUSCIA/MUSTARD,3594
STRIPES RED/WINE/MAGENTA,3595
PARADIS WINE/MAGENTA/MUSTARD,3596
PARADIS BLUE/YELLOW,3597
EYES WINE,3598
EYES EMERALD,3599
EYES BLACK,3600
EYES SILVER,3601
STROKES RED/SALMON,3602
STROKES PINK/GREEN,3603
CROCHET ECRU/BLACK/SAND,3604
CROCHET TERRACOTA/WINE/SAND,3605
CROCHET EMERALD/ECRU,3606
CROCHET WINE/RED,3607
CROCHET SAND/WINE/FUCSIA,3608
INDIAN CHINIZ,3609
INDIAN CHITZ INCA/PEA,3610
CUBA EMERALD,3611
HAZEL CLAY/ECRU/TOBACCO,3612
ECRU/COCOA/BLACK,3613
NATURAL/CAMEL/ECRU,3614
NAVY/AZURE BLUE/ECRU/GOLD,3615
DEEP FOREST/CUZCO EMERALD/ ECRU/GOLD,3616
TANGERINE/ CERISE/ PINK/ECRU/GOLD,3617
JUNIPER/CUZCO EMERALD,3618
BRIGHT CERISE/BURGUNDY/GOLD,3619
CAPUCHINO,3620
HAZEL CLAY/BLACK/ECRU,3621
ECRU/BLACK/GOLD,3622
BLACK/BURNT MAROON,3623
YELLOW SUNRISE/ECRU,3624
CUZCO EMERALD/ECRU,3625
BRIGHT CERISE/SALMON ROSÉ,3626
NOGAL NUT/BRICK ORANGE/PINK,3627
ECRU/SAGE OLIVE,3628
SILVER/RED,3629
JUNIPER/ECRU/PINK/BLACK,3630
ANDEAN COBALT/ECRU/BURGUNDY,3631
COPPER/HAZEL CLAY,3632
BLACK/ HAZEL CLAY,3633
GOLDEN OCHRE/BLACK/ECRU/NATURAL/GOLD,3634
VELVET RED/BLACK/ECRU/NATURAL/GOLD,3635
SILVER/VELVET RED,3636
COPPER/ECRU,3637
BLACK/HAZEL CLAY/ECRU,3638
RED/WINE/MAGENTA,3639
MINT/RED/BROWN,3640
COFFEE/GREEN,3641
WINE/ORANGE/BLUE,3642
PINK/ORANGE,3643
DEEP FOREST/MAROON,3644
TOBACCO COCOA/RED,3645
BLACK/HAZEL CLAY/GREEN,3646
ECRU/COCOA/BLACK/GOLD,3647
JUNIPER/CUZCO EMERALD/GOLD,3648
GOLDEN OCHRE/ECRU/GOLD,3649
COCOA/BLACK/ECRU,3650
ANDEAN COBALT/ECRU/TOBACCO,3651
AZUCENA BURGUNDY/SHINNING BLUE/ORANGE,3652
NOGAL NUT/BURGUNDY/PINK,3653
BRIGHT MUSTARD/HAZEL CLAY/ECRU/NATURAL,3654
COSMOS PINK/BURGUNDY/ECRU/NATURAL,3655
INCA PEA/ECRU/NATURAL,3656
JUNIPER GREEN/BLACK/ECRU,3657
BLACK/HAZEL CLAY,3658
BRONZE/BLACK,3659
BURNT MAROON/ECRU/NATURAL,3660
BLACK/ECRU/PINK,3661
TERRACOTA/LAVENDER/BLACK,3662
ECRU/GREEN/TERRACOTA,3663
BRONZE/HAZEL CLAY,3664
WINTER GRAY,3665
CARMENERE,3666
GYPSY MAGENTA,3667
CHOCOLAT NOIR,3668
DEEP CAVIAR BLUE,3669
MOSAIC BLUE,3670
PALE ULTRAMARINE,3671
JADE GREENERY,3672
DEEP FOREST GREEN,3673
OPIUM RED,3674
BURNT SIENNA,3675
LEOPARD BROWN,3676
OLD DLJON MUSTARD,3677
CHABLIS SAND,3678
FRESH SALMON,3679
PINK BLUSH,3680
BUBBLEGUM,3681
BOHEMIAN ROSE,3682
GARDEN ROSE,3683
SPICED CORAL,3684
RUSSET ORANGE,3685
BRIGHT YELLOW,3686
PALE MARIGOLD,3687
SCENTS ECRU/ROSE,3688
SCENTS TEAL/ECRU,3689
SCENTS BLUE/ORANGE,3690
SCENTS JADE/RUST,3691
SCENTS WINE/CORAL,3692
EUCALYPTUS BLACK/ECRU,3693
EUCALYPTUS CHOCOLATE/AQUA,3694
EUCALYPTUS WINE/GREEN/PINK,3695
EUCALYPTUS FOREST/CAMEL,3696
JEWELS BURGUNDY/ECRU,3697
JEWELS TERRACOTA/ORANGE,3698
JEWELS ORANGE/ECRU,3699
JEWELS GREEN/JADE,3700
JEWELS MAGENTA/ECRU,3701
PALM ROSE/ECRU,3702
PALM WINE/PINK,3703
PALM BLUE/GREEN/PINK,3704
PALM GREEN/YELLOW,3705
PALM BROWN/YELLOW,3706
PALM TERRACOTA/JADE,3707
PALM NAVY/ORANGE,3708
PALM CORAL/ECRU,3709
LEOPARD CAMEL/BLACK/BROWN,3710
GYPSIAN ORANGE/SILVER,3711
GYPSIAN BLACK/SILVER,3712
GYPSIAN WINE/COPPER,3713
GYPSIAN TEAL/COPPER,3714
GARDENS BLACK,3715
ECLECTIC TERRACOTA/AQUA,3716
ECLECTIC BLACK/ECRU,3717
ROMBUS GOLD/GREEN,3718
ROMBUS GOLD/BLACK,3719
RUFFLED WINE,3720
RUFFLED EMERALD,3721
RUFFLED BLACK,3722
RUFFLED SILVER,3723
RUFFLED RED/SALMON,3724
RUFFLED PINK/GREEN,3725
STRIPES FUCSIA/CLAY,3726
STRIPES ORANGE/ECRU,3727
JADE/ORANGE,3728
BROWN/AQUA,3729
EMERALD GEOMETRIC,3730
CAMEL GEOMETRIC,3731
CHOCOLATE GEOMETRIC,3732
FOREST GREEN/BLACK,3733
CAMEL/BLUE,3734
EUCALYPTUS,3735
DEEP CAVIAR BLUE/RUST,3736
BURGUNDY PATENT/BLACK PONY,3737
LEOPARD/GOLD,3738
CAMEL/COPPER,3739
BURGUNDY/NUDE,3740
COÑAC/BLACK,3741
BLACK CROCO,3742
COPPER GAV,3743
GOLD GAV,3744
GOLD/SAND,3745
COPPER/CAMEL,3746
BLACK PATENT/BLACK PONY,3747
BLACK PATENT,3748
OLIVE GREEN PATENT,3749
TOBACCO PATENT,3750
BURGUNDY PATENT,3751
GOLD/BLACK/ECRU,3752
SILVER/GOLD/BLACK/ECRU,3753
BLACK/GOLD/ECRU,3754
BLACK/BLACK PONY,3755
CHOCOLAT NOIR/BROWN PONY,3756
CHOCOLAT NOIR/BLACK,3757
HUNTER GREEN/BLACK PONY,3758
OLD DIJON MUSTARD/TOBACCO,3759
CAMEL/CHOCOLAT NOIR,3760
TOBACCO/DARK BURGUNDY,3761
SOFT PEACH/BROWN,3762
NUDE/FLORAL,3763
NUDE/GREEN,3764
ORANGE/YELLOW,3765
ECRU/YELLOW,3766
BLACK/BRIGHT YELLOW/EMERALD,3767
DARK BURGUNDY/BLACK PONY,3768
BRONZE/CHOCOLAT NOIR,3769
BLACK/BLACK COWHIDE,3770
DEEP FOREST GREEN/GOLD,3771
DARK BURGUNDY/COPPER,3772
CHOCOLAT NOIR/BROWN COWHIDE,3773
CHOCOLAT NOIR/BLACK COWHIDE,3774
HUNTER GREEN/BLACK COWHIDE,3775
WINTER SILVER/BLACK,3776
GOLD/CAMEL,3777
BRONZE/CHOCOLAT NOIR COWHIDE,3778
BLACK/TOBACCO/RUST,3779
SHINY GOLD,3780
ORANGE/RED,3781
GEOMETRIA ECRU/GREEN/FUCSIA/YELLOW,3782
MILITARY GEOMETRIC,3783
AFRICAN WAVES PAREO ECRU/COBALT,3784
AFRICAN WAVES PAREO RED/COBALT,3785
TRIBAL JACQUARD ECRU,3786
ELONGO BLACK/ECRU,3787
KILIMANJARO PAREO PURPURA/RED,3788
CARNIVAL CHOCOLATE/ECRU/PINK,3789
FANS BLACK/ECRU,3790
FANS ECRU/BLUE,3791
FANS BLACK/ECRU/RED,3792
SERENGETI BLACK/ECRU/RED,3793
SERENGETI PURPLE/RED,3794
BLACK/ECRU/UNITY CARMINE,3795
MIDNIGHT SKY/ECRU/UNITY CARMINE,3796
CADMIUM GREEN/GLIMMERING VIOLET/ECRU,3797
CAMELLIA PINK/SHUKA VIOLET/UNITY CARMINE,3798
REDDISH MARSALA/MAASAI JADE/ECRU,3799
FADED TOBACCO/ECRU/WARM TANGERINE,3800
GRAPE WINE,3801
BROWN SIENNA/ECRU/BLACK,3802
ECRU/SUN YELLOW/ WOOD CHOCOLATE,3803
ECRU/BLACK/CINNAMON,3804
FOREST/MAROON,3805
TOBACCO COCOA/BRAVE RUBY,3806
ECRU/BROWN SIENNA,3807
OLIVE GREEN/BLACK/ECRU/CINNAMON,3808
BROWN SIENNA/BLACK/ECRU,3809
CAMELLIA PINK/BLACK/ECRU/CINNAMON,3810
AZURE BLUE/BLACK/ECRU,3811
CADMIUM GREEN,3812
BROWN SIENNA,3813
CADMIUM GREEN/BLACK/ECRU/CINNAMON,3814
LIGHT SAPPHIRE/BLACK/ECRU/CINNAMON,3815
BLACK/ECRU/CINNAMON,3816
SHUKA VIOLET/ECRU/SAFFRON ORANGE,3817
CINNAMON/ECRU/PEACH/BLACK,3818
PALE NUDE,3819
WOOD CHOCOLATE,3820
MAASAI JADE,3821
ECRU/SILVER,3822
UNITY CARMINE/ BLACK/ECRU,3823
GRAPE WINE/BRAVE RUBY/BLACK/ECRU,3824
MAASAI JADE/ FADED TOBACCO/BLACK/ECRU,3825
BLACK/ECRU/SILVER,3826
BRAVE RUBY/ ECRU/GRAPE WINE/LIGHT SAPPIRE,3827
PAREO COFFE/ECRU,3828
REDDISH MARSALA/ECRU/BRAVE RUBY,3829
PAREO ECRU/NAVY,3830
PAREO VIOLET/COFFE,3831
PAREO ECRU/CHOCOLAT/RED,3832
PAREO GREEN/RED,3833
PAREO BLUE/RED,3834
PAREO ECRU/BLUE,3835
LIGHT SUNRISE/FADED TOBACCO,3836
PAREO COFFE/PINK,3837
FRINGES ECRU/BLUE/WINE,3838
ELONGO BLUE/ECRU,3839
SERENGETI BROWN/PINK,3840
CARNIVAL NAVY/MULTICOLOR,3841
CARNIVAL NAVY/SAPPHIRE/MARSALA,3842
CENEFA MARSALA/WINE,3843
SWAHILI BROWN/YELLOW,3844
SWAHILI CARMINE/RED,3845
SWAHILI PINK/BROWN,3846
CARNIVAL BROWN/ORANGE/BLUE,3847
CARNIVAL RED/WINE,3848
KILIMANJARO PAREO BLACK/ECRU,3849
KILIMANJARO PAREO ECRU/BLACK,3850
TROPICAL EMBROIDERY ECRU/BLUE,3851
TROPICAL EMBROIDERY ECRU/PINK,3852
DARK JUNGLE,3853
KILIMANJARO PAREO BROWN/ECRU,3854
ECRU/AQUA,3855
FADED TOBACCO/ECRU,3856
FADED TOBACCO/BLACK/ECRU,3857
COURAGE PURPURA/BRAVE RUBY/ECRU,3858
MAASAI JADE/FADED TOBACCO/ECRU,3859
WARM TANGERINE/ECRU,3860
WARM TANGERINE,3861
BLACK/PADED NUDE,3862
MAASAI JADE/ECRU,3863
MAASAI JADE/FADED TOBACCO,3864
COURAGE PURPURA/WARM TANGERINE/ECRU,3865
BROWN SIENNA/ECRU,3866
GINGER/RED,3867
ECRU/TIYARIK,3868
TROPICAL EMBROIDERY BLACK/ECRU/PINK,3869
SERENGETI BLACK/NAVY,3870
WARN TANGERINE,3871
SWAHILI PURPLE/RED,3872
FANS MUSTARD/WINE,3873
BRAVE RUBY,3874
MAASAI JADE/FADED TOBACCO/ECRU/BLACK,3875
GRAPE WINE/FIRE SUNSET/ECRU/BLACK,3876
CARNIVAL RED/PINK,3877
KILIMANJARO PAREO RED/ECRU,3878
ECRU/PINK,3879
FIRE SUNSET,3880
TOBACCO/PINK,3881
KILIMANJARO PAREO RED/PURPURA,3882
BLACK/PINK,3883
SERENGETI PINK,3884
CARNIVAL BLACK/SAPPHIRE,3885
PAISLEY BLACK/ECRU,3886
DARK JUNGLE/BROWN SIENNA/ECRU/BLACK,3887
CENEFA RED/WINE,3888
REDDISH MARSALA/BROWN SIENNA/ECRU/BLACK,3889
BLACK/FADED TOBACCO/ECRU,3890
SHUKA VIOLET/ECRU/SAFFRON ORANGE/BLACK,3891
COFFE/ECRU,3892
VIOLET/COFFE,3893
CARMINE/GREEN,3894
BLUE/RED,3895
WARM TANGERINE/BROWN SIENNA/ECRU,3896
TROPICAL EMBROIDERY BLACK/PINK,3897
ECRU/GRAPE WINE,3898
TERRACOTA/RED,3899
BROWN SIENA/CADMIUM GREEN,3900
MOCHA/ECRU,3901
PAISLEY RED/ECRU,3902
PAISLEY BROWN/ECRU,3903
CARNIVAL ECRU/PINK,3904
PINK/BROWN,3905
BRAVE RUBY/PURPURA,3906
ECRU/CHOCOLATE/RED,3907
COFFE/PINK,3908
VANILLA DESSERT/BLACK,3909
ECRU/BRAVE RUBY,3910
GRAPE WINE/BROWN SIENNA,3911
OLIVE GREEN/FADED TOBACCO,3912
OLIVE GREEN/RED,3913
CAMEL/MARSALA,3914
SAND/FADED TOBACCO,3915
OLIVE GREEN/BLACK/ECRU,3916
BIAS BLACK/ECRU,3917
BIAS GREEN/ECRU,3918
BIAS TERRACOTA/BLACK/ECRU,3919
BIRD BLACK/BROWN/ECRU,3920
BIRD WINE/COBALT,3921
BIRD GREEN/JADE,3922
BIRD ECRU/COBALT,3923
BIRD SCARLET/BLACK/ECRU,3924
BIRD MARSALA/PINK,3925
SHADES REDISH SALMON/WINE,3926
SHADES WINE/PALE PINK,3927
SHADES GREEN/JADE,3928
SHADES WINE/COBALT,3929
FLORALS BLACK/NUDE,3930
FLORALS BLACK/PINK,3931
FLORALS HIBISCUS WINE,3932
FLORALS BLACK/RED,3933
DYES GREEN/ECRU,3934
DYES RED/ECRU,3935
ELONGO BLACK/RED/ECRU,3936
ELONGO TERRACOTA/PINK,3937
ELONGO MARSALA/PINK,3938
ELONGO GREEN/ECRU,3939
ELONGO ECRU/JADE,3940
ELONGO COBALT/ECRU,3941
ELONGO ECRU/COBALT,3942
ELONGO TERRACOTA/ECRU,3943
TARTAN BROWN/PINK,3944
TARTAN COBALT/WINE,3945
FESTIVAL BLACK/ECRU,3946
FESTIVAL BLACK/BLUE/GREEN,3947
FESTIVAL BLACK/RED,3948
FESTIVAL WINE/RED/PINK,3949
OMBRÉ ECRU/BLACK,3950
OMBRÉ NAVY/COBALT,3951
OMBRÉ GREEN/JADE,3952
OMBRÉ WINE/PINK,3953
OMBRÉ RED/WINE,3954
CHAIN STITCH BLACK/ECRU,3955
CHAIN STITCH MILITARY GREEN/JADE,3956
CHAIN STITCH WINE/RED,3957
CARNIVAL BLACK/RED,3958
CARNIVAL BLACK/MULTICOLOR,3959
DEVORE BLACK,3960
DEVORE RED,3961
GUIPURE GREEN/BLUE,3962
GUIPURE BLACK,3963
GUIPURE SILVER,3964
STRIPES BLACK/SILVER,3965
STRIPES GREEN/SILVER,3966
STRIPES ECRU/SILVER,3967
STRIPES TERRACOTA/GOLD,3968
LUREX TIE DYE ORANGE/SILVER,3969
OFF WHITE/BLUE,3970
NAVY/INDIGO,3971
WINE/PALE PINK,3972
REDDISH MARSALA/AZURE BLUE/ECRU,3973
BLACK PYTHON,3974
BROWN PYTHON,3975
COPPER/NUDE,3976
REDDISH MARSALA,3977
CADMIUM GREEN/ECRU,3978
CAMELLIA PINK/ECRU,3979
AGED SILVER,3980
COPPER/GOLD,3981
CADMIUM GREEN/ECRU/BLACK,3982
COBALT INDIGO/WINE,3983
WINE/CAMELIA PINK,3984
BRAVE RUBY/CARMINE,3985
DARK JUNGLE/BLACK,3986
WOOD CHOCOLATE/SILVER,3987
WOOD CHOCOLATE/GOLD,3988
BROWN SIENNA/COPPER,3989
GOLD CROCO,3990
WINE/COBALT INDIGO,3991
LUREX PINK,3992
TIYARIK,3993
TIYARIK/PEPPERMINT,3994
TIYARIK/BLACK,3995
TIYARIK/ROSE,3996
TOBACCO/ORANGE MONK,3997
BLACK/LILA/RED,3998
TORTOISE SHELL,3999
ORANGE MONK,4000
ROSÉ DAWN,4001
PEPPERMINT,4002
RED DAHLIA,4003
FRAGANT LILAC,4004
INTENSE MAGENTA,4005
BLACK/LILAC/RED,4006
FLORALS HIBICUS WINE/BLACK,4007
PURPLE/ORANGE,4008
DARK GREEN/JADE,4009
DARK JUNGLE/COPPER,4010
OLD SILVER,4011
RED/WINE,4012
COPPER/BLACK/CHOCOLATE,4013
NATURAL/BROWN SIENNA,4014
FAIRY COBALT,4015
ACAI,4016
FUNGHI GREEN,4017
NATURAL WOOD,4018
PINOT WINE/CAMEL,4019
MIDNIGHT BLUE/CAMEL,4020
FOREST GREEN/CAMEL,4021
FOREST GREEN/ECRU,4022
ACAI/ECRU,4023
MIDNIGHT BLUE/FAIRY COBALT,4024
PINOT WINE/ACAI,4025
FOREST GREEN/FUNGHI GREEN,4026
BRONZE/NATURAL WOOD,4027
COPPER/NATURAL WOOD,4028
NATURAL/SILVER,4029
FUNGHI GREEN/AMBER,4030
PINOT WINE/AMBER,4031
RADIANT MINT,4032
TRANSPARENT,4033
FAIRY COBALT/AMBER,4034
ECRU/PINK/BROWN,4035
NEW MOON ECRU,4036
WARN AMBER,4037
MARYGOLD YELLOW,4038
VINTAGE CRITINE,4039
LEMON YELLOW,4040
OCHRE GOLD,4041
FADEC CHARCOAL,4042
WESTERN WOOD,4043
COWBOY TERRACOTA,4044
DEEP CARMINE,4045
GLOWING SCARLET,4046
TROPICA RED,4047
BURNT SALMON,4048
CLASSIC BURGUNDY,4049
GUAVA MARSALA,4050
SPICY MAGENTA,4051
SUNKIST PINK,4052
SALMON BLUSH,4053
CRYSTAL ROSE,4054
CANYON ROSE,4055
TURQUOISE MINT,4056
PALE GRENEERY,4057
GREEN OLIVE,4058
FIESTA EMERALD,4059
TROPICAL FOREST,4060
MAGNETIC BLUE,4061
BLUEISH LAVENDER,4062
NATURAL/HONEY,4063
ESTAMPADOS,4064
FLORAL INK ECRU/NAVY,4065
FLORAL INK ECRU/GREEN,4066
FLORAL INK ECRU/RED,4067
FLORAL INK GREEN/RED,4068
FLORAL INK PINK/YELLOW,4069
PALM-NIMAL ECRU/BLACK,4070
PALM-NIMAL ECRU/WINE,4071
PALM-NIMAL ECRU/TERRACOTA,4072
PALM-NIMAL NAVY/ECRU,4073
PALM-NIMAL BLACK/NAVY,4074
PALM-NIMAL GREEN/ECRU,4075
STUDIO DUCHARNE BLACK/SAND,4076
STUDIO DUCHARNE ECRU/GREEN,4077
STUDIO DUCHARNE ECRU/YELLOW,4078
STUDIO DUCHARNE ECRU/WINE,4079
STUDIO DUCHARNE ECRU/RED,4080
STUDIO DUCHARNE TERRACOTA/PINK/ECRU,4081
STUDIO DUCHARNE MAGENTA/ECRU,4082
THIRTIES BIANCHINI ALLOVER WINE/BLACK/ECRU,4083
THIRTIES BIANCHINI ALLOVER RED/ECRU,4084
THIRTIES BIANCHINI ALLOVER ECRU/BLACK,4085
THIRTIES BIANCHINI PALM RED/ECRU,4086
THIRTIES BIANCHINI PALM BLACK/ECRU,4087
SIXTIES BIANCHINI SCARVE PINK/RED/BLACK,4088
SIXTIES BIANCHINI SCARVE BLACK/BROWN/ECRU,4089
SIXTIES BIANCHINI SCARVE MINT/MAGENTA/ECRU,4090
SIXTIES BIANCHINI SCARVE MUSTARD/GREEN/MINT,4091
SIXTIES BIANCHINI SCARVE NAVY/BLUE/ECRU,4092
SIXTIES BIANCHINI ALLOVER MUSTARD/GREEN,4093
SIXTIES BIANCHINI ALLOVER RED/WINE,4094
SIXTIES BIANCHINI ALLOVER MAGENTA/MINT,4095
SIXTIES BIANCHINI ALLOVER BLACK/CHARCOAL,4096
SIXTIES BIANCHINI ALLOVER BLUE/NAVY,4097
WESTERN ROMANCE ANTIQUE ECRU/RED,4098
WESTERN ROMANCE ANTIQUE PINK/WINE,4099
WESTERN ROMANCE ANTIQUE RED/WINE,4100
WESTERN ROMANCE ANTIQUE BLACK/TERRACOTA,4101
WESTERN ROMANCE ANTIQUE WINE/MINT,4102
WESTERN ROMANCE ANTIQUE MUSTARD/SALMON,4103
WESTERN ROMANCE ANTIQUE ORANGE/PINK,4104
TROPICANA IKAT ECRU/BLACK,4105
TROPICANA IKAT BLACK/MULTICOLOR,4106
TROPICANA IKAT GREEN/PINK,4107
TROPICANA IKAT WINE/PINK,4108
TROPICANA IKAT WINE/MAGENTA,4109
TROPICANA IKAT SALMON/PINK,4110
TROPICANA IKAT OLIVE/YELLOW,4111
TROPICANA IKAT PINK/OLIVE,4112
TROPICANA IKAT YELLOW/ORANGE,4113
TROPICANA IKAT NAVY/PURPLE,4114
TROPICANA IKAT CENEFA ECRU/BLACK,4115
TROPICANA IKAT CENEFA ECRU/WINE,4116
TROPICANA IKAT CENEFA WINE/GUAVA MARSALA,4117
TROPICANA IKAT CENEFA ECRU/PALE ORANGE,4118
TROPICANA IKAT CENEFA OLIVE/PINK,4119
TROPICANA IKAT CENEFA MUSTARD/OLIVE,4120
TROPICANA IKAT CENEFA BLACK/TERRACOTA,4121
TROPICANA IKAT CENEFA TERRACOTA/YELLOW,4122
TROPICANA IKAT CENEFA ECRU/GREEN,4123
TROPICANA IKAT CENEFA NAVY/BLUE,4124
WESTERN FLORALS ECRU/BLACK,4125
WESTERN FLORALS ECRU/RED,4126
WESTERN FLORALS ECRU/GREEN,4127
GEOMETRIC BLUE/MAGENTA,4128
GEOMETRIC OLIVE/YELLOW,4129
GEOMETRIC RED/WINE,4130
GEOMETRIC MUSTARD/YELLOW,4131
TROPICANA EYELET BLACK/TERRACOTA,4132
TROPICANA EYELET BLACK/ECRU,4133
BLACK/PINK/ECRU,4134
MAASAI JADE/YELLOW,4135
WINE/MAGENTA,4136
YELLOW/ORANGE,4137
GREEN/PINK,4138
NATURAL/WESTERN WOOD,4139
ECRU/WESTERN WOOD,4140
WESTERN WOOD/CAMEL,4141
DARK CHOCOLATE/GOLD,4142
CRYSTAL ROSE/SILVER,4143
TURQUOISE MINT/SILVER,4144
DARK CHOCOLATE/ECRU,4145
DARK PEWTER,4146
GREEN OLIVE/ECRU,4147
WESTERN WOOD/GOLD,4148
PINK/TERRACOTA,4149
ECRU/COFFEE,4150
WINE/MULTICOLOR,4151
YELLOW/COFFEE,4152
THIRTIES BIANCHINI SCARVE MUSTARD/ORANGE/ECRU,4153
THIRTIES BIANCHINI SCARVE TERRACOTA/PINK/ECRU,4154
BLACK/GREEN,4155
CLASSIC BURGUNDY/GOLD,4156
FOREST GREEN/GOLD,4157
DARK PEWTER/SILVER,4158
MAGENTA/MINT/ECRU,4159
BLUE/NAVY/ECRU,4160
BLACK/ECRU/WESTERN WOOD,4161
MUSTARD/GREEN/ECRU,4162
WESTERN WOOD/COWBOY TERRACOTA/GOLD,4163
ICONIC BLACK/GOLD,4164
ANTIQUE ECRU/ICONIC BLACK,4165
ANTIQUE ECRU/DARK CHOCOLATE,4166
ECRU/NUDE/GOLD,4167
GOLD/WESTERN WOOD,4168
GOLD/GREEN OLIVE,4169
SILVER/MAGNETIC BLUE,4170
ICONIC BLACK/SILVER,4171
ECRU/DARK CHOCOLATE,4172
SPICY MAGENTA/ DARK CHOCOLATE,4173
OCHRE GOLD/WESTERN WOOD,4174
BLACK AMAZONIC NIGHT,4175
ANTIQUE TAUPE,4176
CLAY BEIGE,4177
FULL MOON ECRU,4178
KENÉ ECRU,4179
JAGUAR BURNT YELLOW,4180
YELLOW GOLD SUNRISE,4181
SOIL MAROON,4182
LARGE-BLOSSOMED CACAO,4183
LIGHT BROWN PUMA,4184
FUNGUS LIGHT CAME,4185
ACHIOTE TERRACOTA,4186
PEACH PALM GINGER,4187
ORANGE ANACONDA,4188
CLASSIC ORQUID,4189
SHIPIBO PINK,4190
AÇAI PURPLE PALE,4191
ANCESTRAL BLUE SKY,4192
BLUE UYACALI,4193
MOTHER NATURE GREEN,4194
PALE GREEN AMAZONITA,4195
BLACK/MILITARY GREEN,4196
BLACK/PAPRIKA,4197
CARAMEL CACAO,4198
LOTUS GREEN,4199
OXYD,4200
OLD PEACH,4201
AVOCADO,4202
MOTHER BOA PAREO ORANGE - TERRACOTA,4203
MOTHER BOA PAREO RUST - ECRU,4204
MOTHER BOA PAREO MINT - ECRU,4205
MOTHER BOA PAREO ECRU – RED,4206
MOTHER BOA PAREO TERRACOTA – ECRU,4207
MOTHER BOA PAREO PINK - TERRACOTA,4208
MOTHER BOA PAREO LIGHT BROWN - TERRACOTA,4209
MOTHER BOA PAREO ECRU - GREEN,4210
MOTHER BOA PAREO ECRU - RUST,4211
MOTHER BOA PAREO TERRACOTA - BLACK,4212
MOTHER BOA PAREO ECRU - BLACK,4213
MOTHER BOA PAREO CAMEL - ECRU,4214
MOTHER BOA PAREO GREEN - MINT,4215
SWIMSUIT STRIPES CAMEL – BLACK,4216
SWIMSUIT STRIPES BROWN – BLACK,4217
SWIMSUIT STRIPES ECRU – MARSALA,4218
SWIMSUIT STRIPES ECRU – GREEN,4219
SWIMSUIT STRIPES ECRU – MINT,4220
WARRIOR STRIPES ECRU - BROWN,4221
CONIBO STRIPES BEIGE - JADE,4222
CONIBO STRIPES ECRU - BLUE,4223
CONIBO STRIPES ECRU - MARSALA,4224
CONIBO STRIPES ECRU – BLACK,4225
NISHI-IBO PALMS ECRU - BLACK,4226
NISHI-IBO PALMS CAMEL - ECRU,4227
NISHI-IBO PALMS ECRU - BLUE,4228
NISHI-IBO PALMS ECRU - PINK,4229
NISHI-IBO PALMS GREEN - ECRU,4230
NISHI-IBO PALMS BLUE - BLACK,4231
NISHI-IBO PALMS TERRACOTA – ECRU,4232
SHIPIBO AND THE TROPICS YELLOW – BROWN - ECRU,4233
SHIPIBO AND THE TROPICS RED – TERRACOTA - ECRU,4234
SHIPIBO AND THE TROPICS BROWN - MINT – TERRACOTA,4235
SHIPIBO AND THE TROPICS BLUE - ECRU,4236
TROPICAL RIVERSIDE BLACK - ECRU,4237
TROPICAL RIVERSIDE ECRU - TERRACOTA,4238
TROPICAL RIVERSIDE BROWN - ECRU,4239
TROPICAL RIVERSIDE CAMEL - GREEN,4240
TROPICAL RIVERSIDE YELLOW - ECRU,4241
TROPICAL RIVERSIDE BLUE - ECRU,4242
TROPICAL RIVERSIDE GREEN - ECRU,4243
TROPICAL RIVERSIDE PINK - YELLOW,4244
ECRU/CACAO,4245
BLOSSOMED CACAO,4246
ORANGE/TERRACOTA,4247
MINT/ECRU,4248
BROWN/TERRACOTA,4249
TERRACOTA/BLACK,4250
GREEN/MINT,4251
LARGE-BLOSSOMED CACAO/CAMEL,4252
RAINFOREST GREEN/ECRU,4253
RAINFOREST GREEN/MAROON,4254
PEACH PALM,4255
NAVY/BLACK,4256
MOTHER NATURE GREEN/CACAO,4257
PEACH PALM GINGER/CACAO,4258
CAMEL/CACAO,4259
CACAO/CAMEL,4260
ECRU/ACHIOTE TERRACOTA,4261
ORANGE/WINE/ECRU,4262
RUST/ECRU/PINK,4263
ECRU/RED/WINE,4264
BROWN/ECRU/BLACK/ORANGE,4265
GUABA/BROWN/PEACH,4266
WINE/BLACK/ECRU,4267
CAMEL/ECRU/ORANGE,4268
LARGE-BLOSSOMED CACAO/NATURAL,4269
ECRU/MOTHER NATURE GREEN,4270
ACHIOTE TERRACOTA/ECRU,4271
BLUE UYACALI/ECRU,4272
TOBACCO/ECRU/BLACK,4273
SOIL MAROON/BLACK,4274
BLACK/CACAO,4275
ANCIENT INDIGO/NATURAL,4276
RAINFOREST GREEN/NATURAL,4277
SHIPIBO PINK/NATURAL,4278
JUNGLE GREEN/GOLD,4279
TOBACCO/CACAO,4280
GREEN/WHITE,4281
MARRON PRINTED,4282
GREEN/YELLOW,4283
ECRU/LINE,4284
ECRU/JUNGLE GREEN,4285
ECRU/BLACK/CAMEL,4286
TOBACCO/JUNGLE GREEN/ECRU,4287
JUNGLE GREEN/BLACK/ECRU,4288
CHOCOLATE/MENS BLUE,4289
MINT/TERRACOTA,4290
ECRU/COLORS,4291
ECRU/VIOLET,4292
GOLD SUNSET,4293
ANCESTRAL ECRU,4294
WARRIOR LIGHT CAMEL,4295
NOMAD BEIGE,4296
AGAVE JADE,4297
WAKAN TANKA MINT,4298
CLAY GREEN,4299
MISSISSIPPI RIVER,4300
GREAT LAKES BLUE,4301
SIOUX INDIGO,4302
BLACK BUFFALO,4303
BROWN BISON,4304
LIGHT BROWN ACRON,4305
CANYON RUST,4306
WARRIOR RED,4307
PINK RUBY,4308
TIWANAKU MARSALA,4309
APACHE PINK,4310
APACHE PLUME ROSE,4311
EASTEM LIGHT SALMON,4312
BURNT NUDE,4313
SOUTHWEST PINK,4314
AYAHUASCA ECRU-YELLOW-BROWN,4315
AYAHUASCA ECRU-BLUE,4316
AYAHUASCA ECRU-BLACK,4317
AYAHUASCA JADE-BROWN,4318
AYAHUASCA ECRU-PINK-BROWN,4319
AYAHUASCA ORANGE - BROWN,4320
ARROW STRIPES ECRU-BLACK,4321
ARROW STRIPES WINE-GREEN,4322
ARROW STRIPES RED-ECRU,4323
ARROW STRIPES ECRU-BLUE,4324
ARROW STRIPES BLACK-PINK,4325
COOL COLORADO ECRU-BLACK,4326
COOL COLORADO ECRU-TERRACOTA,4327
COOL COLORADO BROWN-ECRU,4328
DINAMIC DYES SALMON-BROWN,4329
DINAMIC DYES BLUE-ECRU,4330
DINAMIC DYES TERRACOTA-ECRU,4331
DINAMIC DYES WINE-GREEN,4332
DINAMIC DYES WINE-PINK,4333
DINAMIC DYES WINE-SALMON,4334
APACHERIA JADE-BROWN-SALMON,4335
APACHERIA WINE-SALMON-GREEN,4336
APACHERIA RED-WINE-ECRU,4337
APACHERIA BLACK-MARSALA-ECRU,4338
APACHERIA YELLOW-BROWN-PINK,4339
APACHERIA BROWN-ECRU-OLIVE,4340
APACHERIA ECRU-BLACK,4341
APACHERIA ECRU-MARSALA-BLACK,4342
APACHERIA BLACK-PINK-YELLOW,4343
APACHERIA SALMON-GREEN-BROWN,4344
APACHERIA SALMON-WINE-ORANGE,4345
APACHERIA ECRU-BLUE,4346
APACHERIA BROWN-YELLOW-BLUE,4347
APACHERIA BLACK-BLUE-ROSE,4348
APACHERIA BLACK-TERRACOTA-ORANGE,4349
APACHERIA SILVER-PINK-SALMON,4350
WILDERNESS BROWN-ECRU,4351
WILDERNESS BEIGE-TAUPE,4352
WILDERNESS TERRACOTA-YELLOW,4353
WILDERNESS MAROON-PINK,4354
WILDERNESS YELLOW-ECRU,4355
WILDERNESS ECRU-BLACK,4356
WILDERNESS BLACK-CAMEL,4357
WILDERNESS BLACK-BROWN,4358
WILDERNESS WINE-GREEN,4359
NOMADIC ANTIQUE ECRU - WINE - ROSE - ORANGE,4360
NOMADIC SALMON-GREEN-WINE,4361
NOMADIC WINE-YELLOW-BLUE,4362
NOMADIC BROWN-YELLOW-PINK,4363
NOMADIC MAROON-TERRACOTA-ORANGE,4364
NOMADIC ECRU-BLACK,4365
NOMADIC OLIVE-LIGHT BROWN-ROSE,4366
NOMADIC RED-BROWN-ECRU,4367
NOMADIC BLACK-BLUE-SALMON,4368
LUREX PINK/WINE,4369
NAVY/CHOCOLATE,4370
LUREX WINE/SALMON,4371
SWIMSUIT STRIPES ECRU – BLACK,4372
OCHRE,4373
MOSSY FOREST,4374
CARAMEL/SILVER,4375
CARAMEL/GOLD,4376
BURGUNDY/MINT,4377
CARAMEL/NATURAL/CHOCOLATE,4378
DARK CHOCOLATE/CARAMEL/BLACK,4379
CAMOUFLAGE GREEN/CARAMEL/CHOCOLATE,4380
NATURAL/NOMAD BEIGE,4381
CARAMEL/CURCUMA YELLOW,4382
CURCUMA YELLOW/ECRU,4383
CANYON RUST/ECRU,4384
CARAMEL/CANYON RUST,4385
CARAMEL/MAGENTA,4386
SIOUX INDIGO/BLACK,4387
MINT/SILVER,4388
ANCESTRAL ECRU/GOLD,4389
ANCESTRAL ECRU/BLACK,4390
PAPRIKA/CARAMEL,4391
GOLD/CARAMEL,4392
PAPRIKA/GOLD,4393
WINE/MINT,4394
BLACK/CARAMEL,4395
RUST/MINT,4396
ANCIENT YELLOW,4397
MIDNIGHT CHOCOLATE,4398
ANISE RED,4399
POPPY RED,4400
WINTER CORAL,4401
OPIUM PINK,4402
ANCIENT PINK,4403
EGYPTIAN TEAL,4404
HYPNOTIC GREEN,4405
SMOKE MINT,4406
MIDNIGHT PLUM,4407
MYSTIQUE LILAC,4408
ULTRAVIOLET,4409
MOROCCAN WINE,4410
MANGOSTEEN MAGENTA,4411
VIOLET STRAVAGANZZA,4412
PAPAVER SOMNIFERUM - BEIGE–PURPLE,4413
PAPAVER SOMNIFERUM - VIOLET-PURPLE-GREEN,4414
PAPAVER SOMNIFERUM - GREEN-YELLOW-PEACH,4415
PAPAVER SOMNIFERUM - PURPLE-PEACH-TERRACOTA,4416
PAPAVER SOMNIFERUM - RED-WINE-BROWN,4417
PAPAVER SOMNIFERUM - RED-YELLOW-BROWN,4418
PAPAVER SOMNIFERUM - WINE-ORANGE-PEACH,4419
PAPAVER SOMNIFERUM - WINE-PINK-RED,4420
PAPAVER SOMNIFERUM - ECRU-RED-BLACK,4421
PAPAVER SOMNIFERUM - ECRU-BLACK,4422
PAPAVER SOMNIFERUM - NAVY-PEACH-BROWN,4423
PAPAVER SOMNIFERUM - DARK BLUE-BEIGE,4424
PAPAVER SOMNIFERUM - BLACK-SAND,4425
HENNA MEETS THE TROPICS - BLACK-GREEN-AQUAMARINE,4426
HENNA MEETS THE TROPICS - PURPLE-MINT-PINK,4427
HENNA MEETS THE TROPICS - TERRACOTA-RED-ECRU,4428
HENNA MEETS THE TROPICS - BLACK-ECRU,4429
HENNA PAISLEYS - DARK PURPLE-SALMON,4430
HENNA PAISLEYS - PURPLE-SALMON,4431
HENNA PAISLEYS - TERRACOTA-ORANGE,4432
HENNA PAISLEYS - BROWN-GREEN,4433
HENNA PAISLEYS - BLACK-ECRU,4434
STRIPE DYES - ECRU-NAVY-RED,4435
STRIPE DYES - BLACK-SAND-TERRACOTA,4436
STRIPE DYES - DARK BROWN-GREEN-YELLOW,4437
STRIPE DYES - BLACK-PINK,4438
OPIUM FLORALS - ECRU-GREEN,4439
OPIUM FLORALS - BLACK-GREEN,4440
OPIUM FLORALS - DARK RED-RED,4441
OPIUM FLORALS - NAVY-ECRU,4442
PYTHON RTW - BEIGE-BROWN-BLACK,4443
MOROCCAN WINE/GOLD,4444
MIDNIGHT GREEN/GOLD,4445
BLACK PONY,4446
DARK EMERALD,4447
GOLD/GREEN,4448
GOLD/RED,4449
SILVER/BLUE,4450
MIDNIGHT PLUM/OPIUM PINK,4451
GINGER SPICE/SMOKE MINT/MOCCA,4452
ANISE RED/ECRU,4453
PAPRIKA/BLACK,4454
ECRU/ MIDNIGHT GREEN,4455
ECRU/ MIDNIGHT BLUE,4456
BLACK/WINTER CORAL,4457
ECRU/CARMINE RED/BLACK,4458
PAPRIKA/OPIUM PINK/CAMINE RED,4459
MIDNIGHT BLUE/OPIUM PINK/POPPY RED,4460
BURNISHED COPPER,4461
BLACK CROCCO,4462
GOLD CROCCO,4463
ENDLESS BLACK/TABACO,4464
CACAO/GINGER,4465
CACAO/NAVY,4466
DAY MULTICOLOR,4467
NIGHT MULTICOLOR,4468
MIDNIGHT CHOCOLATE/GOLD,4469
CORAL/ECRU,4470
CAMEL/PAPRIKA,4471
BLACK/GREY,4472
ECRU/RED/BLACK,4473
RED/ORANGE,4474
NAVY BLUE/BROWN/PEACH,4475
ECRU/CHOCOLATE/CAMEL,4476
TAUPE/BLACK/ECRU,4477
GINGER/SPICE/SMOKE,4478
NAVY/BLACK/ECRU,4479
WINE/GINGER,4480
RED/PINK,4481
BURGUNDY/ORANGE/BLACK,4482
BLACK/MALACHITE GREEN,4483
CHOCOLATE PYTHON,4484
ROJO/NATURAL,4485
NEGRO/NATURAL,4486
VERDE/NATURAL,4487
CAFE/NATURAL,4488
ECRU/NEGRO,4489
DORADO/PLATA,4490
NATURAL/CAFE,4491
AMARILLO MOSTAZA,4492
AMARILLO MOSTAZA/NATURAL,4493
RED/NATURAL,4494
FOAM,4495
VINTAGE WOOD,4496
WONDER RED,4497
GARNET RED,4498
LOBSTER RED,4499
SUNSET ORANGE,4500
LEMONADE PINK,4501
STARFISH PINK,4502
VIBRANT PINK,4503
SAILING YELLOW,4504
SUNNY YELLOW,4505
BREEZY GREEN,4506
PALM TREE,4507
CARIBBEAN GREEN,4508
MOORING GREEN,4509
SAILING BLUE,4510
OCEAN BLUE,4511
WONDER BLUE,4512
ROPES & MOLA- ECRU-PAPRIKA,4513
ROPES & MOLA- ECRU-SAND,4514
TROPICAL CATCH - ECRU-RED,4515
TROPICAL CATCH - ECRU-BLACK,4516
TROPICAL CATCH - RED-PINK-GREEN,4517
TROPICAL CATCH - ECRU-BLUE-RED,4518
TROPICAL CATCH - DARK BLUE-ECRU-ORANGE,4519
TROPICAL CATCH - RED-ECRU,4520
TROPICAL CATCH - BLACK-ECRU-PINK-GREEN,4521
TROPICAL CATCH - ORANGE-ACQUA-MAGENTA,4522
TROPICAL CATCH - ECRU.DARK GREEN-LIGHT GREEN,4523
ROPE STRIPES - PAPRIKA-ECRU,4524
ROPE STRIPES - ECRU-RED,4525
ROPE STRIPES - RED-ECRU,4526
ROPE STRIPES - BLACK-ECRU,4527
ROPE STRIPES - ECRU-LIGHT BLUE,4528
ROPE STRIPES - DARK BLUE – ECRU,4529
ROPE STRIPES - GREEN-ECRU,4530
PALM SHADOWS - ECRU-RED,4531
PALM SHADOWS - PAPRIKA-ACQUA,4532
PALM SHADOWS - ECRU-BLUE,4533
PALM SHADOWS - RED-PINK,4534
PALM SHADOWS - RED-LOBSTER RED,4535
PALM SHADOWS - ECRU-GREEN,4536
PALM SHADOWS FAIRY - GREEN-ECRU,4537
PALM SHADOWS FAIRY - RED-ECRU,4538
HIBISCUS SHADES - BLACK-RED-ACQUA,4539
HIBISCUS SHADES - BLUE-YELOW-ECRU,4540
HIBISCUS SHADES - BLUE-BLACK-ECRU,4541
HIBISCUS SHADES - RED-ECRU-BROWN,4542
HIBISCUS SHADES - WINE-CORAL-DARK PURPLE,4543
TROPICAL EXUBERANCE - ECRU-BLACK,4544
TROPICAL EXUBERANCE - BLACK-GREEN-PINK,4545
TROPICAL EXUBERANCE - PINK-GREEN-BLACK,4546
TROPICAL EXUBERANCE - ECRU-YELLOW-BROWN,4547
TROPICAL EXUBERANCE - ECRU-PAPRIKA,4548
TROPICAL EXUBERANCE - ECRU-RED-BLUE,4549
TROPICAL EXUBERANCE - ECRU-LIGHT BLUE,4550
TROPICAL EXUBERANCE - GREEN-YELLOW-BROWN,4551
TROPICAL EXUBERANCE ALLOVER - ECRU-WONDER RED,4552
TROPICAL EXUBERANCE ALLOVER - ECRU-LOBSTER RED,4553
TROPICAL EXUBERANCE ALLOVER - ECRU-BROWN,4554
TROPICAL EXUBERANCE ALLOVER - ACQUA-RED,4555
TROPICAL EXUBERANCE ALLOVER - GREEN-PINK,4556
TROPICAL EXUBERANCE ALLOVER - YELLOW-GREEN,4557
TROPICAL EXUBERANCE ALLOVER -ECRU-BLUE,4558
TROPIALY MEETS INDIAN - ECRU-GREEN-SAND,4559
TROPIALY MEETS INDIAN-DARK BLUE-ORANGE-MULTICOLOR,4560
TROPIALY MEETS INDIAN - ECRU-BLACK,4561
TROPIALY MEETS INDIAN - RED-ECRU,4562
TROPIALY MEETS INDIAN - BLUE-ECRU,4563
WAVE ARABESQUES EMBROIDERED TAFFETA - BLACK-ECRU,4564
WAVE ARABESQUES EMBROIDERED TAFFETA - ECRU-BLACK,4565
WAVE ARABESQUES EMBROIDERED TAFFETA - ECRU-YELLOW,4566
WAVE ARABESQUES EMBROIDERED TAFFETA - GREEN-ECRU,4567
SAILING CODES COTTON EYELET - BLUE-ECRU,4568
SAILING CODES COTTON EYELET - YELLOW-BROWN,4569
SAILING CODES COTTON EYELET - GREEN-ECRU,4570
SAILING CODES COTTON EYELET - ECRU-RED,4571
TROPICALISM JACQUARD - ECRU– RED,4572
TROPICALISM JACQUARD - AQUA– WINE,4573
TROPICALISM JACQUARD - WINE - FUSCHIA,4574
TROPICALISM JACQUARD - BLACK – ECRU,4575
BLACK/WOOD PYTHON,4576
BLACK/SILVER/ECRU,4577
PALM TREE GREEN/CORAL,4578
WOOD/BLACK,4579
ECRU/DARK BURGUNDY/AZURE BLUE,4580
ANTIQUE ECRU/NAVY/SALMON,4581
ANTIQUE ECRU/WINE/RED,4582
PAPRIKA/ECRU/BLACK,4583
SAND/WOOD,4584
SAND/LEMONADE PINK,4585
SAND/CARIBBEAN GREEN,4586
NATURAL/DARK CHOCOLATE,4587
TROPICAL EXUBERANCE MARSALA- ECRU,4588
ROPE STRIPES ECRU - GREEN,4589
STRIPES BURGUNDY/ECRU,4590
DARK TOBACCO,4591
GARMET RED,4592
CADMIUM RED,4593
POMELO PINK,4594
GUAVA PINK,4595
WONDER SKY,4596
VERY MINT,4597
ISLAND GREEN,4598
PALM TREE GREEN,4599
SWIM AYAHUASCA-BLACK-ECRU,4600
SWIM AYAHUASCA-GREEN -BLACK PAPRIKA-ECRU,4601
SWIM AYAHUASCA-ECRU-BLUE-ORANGE-BROWN,4602
SWIM SAILING LANDSCAPES-BROWN-PINK-BLACK-ECRU,4603
SWIM SAILING LANDSCAPES-ECRU-RED-BROWN,4604
SWIM SAILING LANDSCAPES-BLACK-GREEN-ECRU-PINK,4605
SWIM SAILING LANDSCAPES-ECRU-BLACK,4606
SWIM PALM STRIPES-BLUE-ECRU,4607
SWIM PALM STRIPES-DARK BLUE-LIGHT BLUE,4608
SWIM PALM STRIPES-ECRU-BLUE,4609
SWIM PALM STRIPES-DARK BROWN-ECRU,4610
SWIM PALM STRIPES-RED-ECRU,4611
SWIM PALM STRIPES-ORANGE-BLUE,4612
SWIM PALM STRIPES-RED-PINK,4613
SWIM PALM STRIPES-ECRU-YELLOW,4614
SWIM PALM STRIPES-SAND-ECRU,4615
SWIM PALM STRIPES-GREEN-ECRU,4616
SWIM PALM STRIPES-BURGUNDY-MINT,4617
SWIM SALTY PALMS-PINK-MINT-BROWN,4618
SWIM SALTY PALMS-GREEN-ECRU-BLACK,4619
SWIM SALTY PALMS-ECRU-GREEN-BLACK,4620
SWIM SALTY PALMS-BLACK-ECRU-MINT,4621
SWIM SALTY PALMS-PINK-BROWN-ECRU,4622
SWIM SALTY PALMS-ECRU-BROWN-PINK,4623
SWIM SALTY PALMS-BROWN-ECRU-PINK,4624
SWIM SALTY PALMS-ECRU-BROWN,4625
SWIM SALTY PALMS-YELLOW-RED-ECRU,4626
SWIM SALTY PALMS-DARK BROWN-RED-ECRU,4627
SWIM SALTY PALMS-ECRU-RED-BLACK,4628
SWIM SALTY PALMS-BLUE-ECRU,4629
SWIM SALTY PALMS-ECRU-BLUE,4630
SWIM SALTY PALMS-ECRU-BLUE-RED,4631
SWIM SALTY PALMS-ORANGE-ECRU-BROWN,4632
SWIM SALTY PALMS-SAND-ECRU,4633
SWIM BEACH VIBES-NAVY-ECRU,4634
SWIM BEACH VIBES-ECRU - NAVY,4635
SWIM BEACH VIBES-ECRU - BLACK,4636
SWIM BEACH VIBES-PAPRIKA - ECRU,4637
SWIM OMBRE-ECRU-BURGUNDY,4638
SWIM OMBRE-DARK BLUE –LIGHT BLUE,4639
SWIM TIE DYE LINES-ECRU-BLUE,4640
SWIM TIE DYE LINES-ECRU-RED,4641
SWIM TIE DYE LINES-ECRU-GREEN,4642
SWIM TIE DYE LINES-ECRU-SAND,4643
SWIM AYAHUASCA PAREOS-GREEN-BLACK-PAPRIKA-ECRU,4644
SWIM AYAHUASCA PAREOS-BLACK-ECRU,4645
SWIM AYAHUASCA PAREOS-ECRU-BLUE-ORANGE-BROWN,4646
SWIM AYAHUASCA PAREOS-ECRU-BLACK,4647
SWIM SAILING LANDSCAPES PAREOS-BROWN-PINK-BLACK,4648
SWIM SAILING LANDSCAPES PAREOS-ECRU-BLACK,4649
SWIM SAILING LANDSCAPES PAREOS-BLACK-GREEN-ECRU,4650
SWIM SAILING LANDSCAPES PAREOS-ECRU-RED-BROWN,4651
SWIM TROPICAL PALM ARGOMENTI EMBROIDERY-ECRU,4652
SWIM TROPICAL PALM ARGOMENTI EMBROIDERY-BLACK-ECRU,4653
SWIM PALM COTTON MESH-ECRU,4654
SWIM PALM COTTON MESH-BLACK,4655
SWIM PALM COTTON MESH-CHOCOLATE,4656
SWIM PALM COTTON MESH-RUST,4657
SWIM SHIMMERING LYCRA-BLACK,4658
SWIM SHIMMERING LYCRA-MOSS,4659
SWIM SHIMMERING LYCRA-MAROON,4660
SWIM SHIMMERING LYCRA-GUAVA,4661
SWIM SHIMMERING LYCRA-SAND,4662
TROPICAL EXUBERANCE ECRU- GREEN,4663
SAND/GOLD,4664
CARIBBEAN GREEN/NATURAL,4665
MOORING GREEN/BLACK,4666
BLACK/DARK GOLD,4667
TROPICAL EXUBERANCE ALLOVER - ECRU-BLACK,4668
BLACK/WOOD,4669
CAMEL/SAND/WOOD,4670
PALM TREE/SAND/WOOD,4671
PINOT WINE/SAND,4672
VINTAGE WOOD/SAND,4673
BLACK/SAND,4674
SWIM PALM STRIPES-BLACK-ANTIQUE ECRU,4675
SAILBOATS ECRU/BLACK,4676
SWIM SALTY PALMS-ECRU-RUST-BLUE,4677
OFF WHITE/MUSTARD,4678
SAILBOATS-SAND-ECRU,4679
GREEN/BLACK/PAPRIKA/ECRU,4680
ECRU/BLUE/ORANGE/BROWN,4681
WOOD/PINK/BLACK/ECRU,4682
GREEN/ECRU/BLACK,4683
RED/ECRU/BLACK/WOOD,4684
PALM TREE/SAND/VINTAGE WOOD,4685
BURGUNDY/SAND,4686
WOOD/SAND,4687
BLACK/VINTAGE WOOD,4688
PALM TREE/BLACK,4689
ISLAND GREEN/ECRU,4690
GARNET RED/ECRU,4691
WOOD/SAILING YELLOW/NATURAL,4692
PALM TREE GREEN/NATURAL,4693
GARNET RED/ WATERMELON PINK/NATURAL,4694
NAVY/OCEAN BLUE/NATURAL,4695
PLAM TREE GREEN/ECRU,4696
BLACK/NATURAL/ECRU,4697
GARNET RED/NATURAL/BLACK,4698
GARNET RED/SAND,4699
PAPRIKA/NATURAL/ECRU,4700
SALTY PALMS GREEN/ECRU,4701
SALTY PALMS ECRU/RED,4702
SALTY PALMS GREEN/ECRU/BLACK,4703
SALTY PALMS SAND/ECRU,4704
SALTY PALMS MINT/BROWN,4705
SAILBOATS ECRU/RED/WINE,4706
SAILBOATS ECRU/BLACK/RED,4707
VERDE ALGA,4708
ROJO CARMIN,4709
ROJO BERMELLON,4710
CAFE GRIS,4711
GREEN/ECRU/BLACK/WOOD,4712
PALM TREE/VINTAGE WOOD,4713
BURGUNDY/ECRU,4714
BLACK/WOOD/GARNET RED,4715
ECRU/BROWN/YELLOW,4716
ECRU/BROWN/LILA,4717
COPPER BROWN/ECRU,4718
GREEN/BROWN/ECRU,4719
DARK BURGUNDY/DARK ORANGE/SALMON,4720
ORANGE/LIGHT SILVER,4721
DARK RED/LIGHT GOLD,4722
DARK BROWN/GREEN,4723
CORAL ROSE/RED WINE,4724
TEA/LIGHT CAMEL,4725
OLIVE GREEN/MOCK ORANGE,4726
CORAL ROSE/DARK WINE,4727
GREEN/PURPLE,4728
BRIGHT ROSE/BURT HENNA,4729
ECRU/DARK WINE,4730
CORAL ROSE/ECRU,4731
BROWN/YELLOW,4732
DARK ORANGE/SALMON,4733
ECRU/BLACK/BROWN,4734
RED/PURPLE/ECRU,4735
PEACH/PURPLE,4736
WINE/ECRU/ROSE,4737
GREEN/DARK GREEN,4738
PINK/ECRU,4739
OLIVE GREEN/ECRU/ORANGE,4740
BLACK/OLD GOLD,4741
ECRU/OLD GOLD,4742
ANTIQUE AQUA,4743
DEEP NAVY,4744
UNCU RED,4745
CAMEL/DARK WINE/ECRU,4746
CAMEL/RUST/ECRU,4747
CAMEL/SKY BLUE/ECRU,4748
GREEN/BROWN LIGHT,4749
ROPES & MOLA- ANTIQUE ECRU-TOBACCO,4750
TROPICAL CATCH -ECRU-DARK BLUE-WINE,4751
BLACK/ECRU/ROSE,4752
ORO/ECRU,4753
TROPICAL CATCH - ECRU/DEEP BLUE/SALMON,4754
NOMADIC BLACK,4755
TABACO/ECRU,4756
ORANGE/CAMEL,4757
NAVY/SAND,4758
BROWN/NUDE,4759
ORANGE/PINK,4760
MAGENTA/WINE,4761
ECRU/MAGENTA,4762
BROWN/SALMON,4763
GREEN/JADE/ECRU,4764
ORANGE/WINE,4765
BLUE/WINE,4766
SKY BLUE/BROWN,4767
ECRU/RUBY,4768
TABASCO/BROWN,4769
BLACK/TERRACOTA,4770
GREEN/MARSALA,4771
GOLD/MIDNIGHT BLACK,4772
MIDNIGHT BLACK/ECRU/GOLD,4773
BLACK/GREEN/ECRU,4774
TROPICALISMO ANDALUZ ECRU/RUST,4775
TROPICALISMO ANDALUZ ECRU/BLACK,4776
TROPICALISMO ANDALUZ BLACK/ECRU,4777
TROPICALISMO ANDALUZ MARSALA/ECRU,4778
TROPICALISMO ANDALUZ ECRU/RUST/VIOLET,4779
TROPICALISMO ANDALUZ ECRU/BLUE,4780
TROPICALISMO ANDALUZ ECRU/GREEN,4781
TROPICAL SUIT OF LIGHTS WINE/MARSALA/ECRU,4782
TROPICAL SUIT OF LIGHTS DARK CHOCOLATE/SALMON/ECRU,4783
TROPICAL SUIT OF LIGHTS GREEN,4784
TROPICAL SUIT OF LIGHT ECRU/BLUE,4785
PALMA SEVILLANA RED/DARK WINE/ECRU,4786
PALMA SEVILLANA ECRU/RED/PINK,4787
PALMA SEVILLANA CORAL/PINK/ECRU,4788
PALMA SEVILLANA EMERALD/PURPLE/SALMON,4789
PALMA SEVILLANA SALMON/EMERALD/PURPLE,4790
PALMA SEVILLANA ECRU/BLACK,4791
PALMA SEVILLANA BLACK/ECRU,4792
PALMA SEVILLANA NAVY/ECRU,4793
PALMA SEVILLANA ECRU/PAPRIKA/YELLOW,4794
PALMA SEVILLANA ECRU/OLIVE/SALMON,4795
PALMA SEVILLANA ECRU/GREEN,4796
FLORAL SHADOWS ECRU/BLACK,4797
FLORAL SHADOWS BLACK/ECRU/GREEN,4798
FLORAL SHADOWS BLACK/ECRU/BROWN,4799
FLORAL SHADOWS ECRU/RED/BLACK,4800
FLORAL SHADOWS PAPRIKA/CORAL/ECRU,4801
FLORAL SHADOWS RED/BLACK,4802
CLAVEL FUSCHIA/WINE,4803
CLAVEL CORAL/ECRU,4804
CLAVEL ECRU/CHOCOLATE,4805
CLAVEL ECRU/YELLOW,4806
CLAVEL ECRU/BLUE,4807
CLAVEL CANTALOUPE/CHOCOLATE,4808
CLAVEL SAFFRON/VANILLA,4809
CLAVEL CHOCOLATE/PURPLE,4810
CLAVEL ECRU/BLACK,4811
CLAVEL BLACK/ECRU,4812
CLAVEL WINE/RED,4813
CLAVEL ECRU/PAPRIKA,4814
CLAVEL EMERALD/PURPLE,4815
CLAVEL ECRU/GREEN,4816
CLAVEL OLIVE/CANTALOUPE,4817
SELVA TROPICAL ECRU/PAPRIKA,4818
SELVA TROPICAL TURQUOISE/OLIVE,4819
SELVA TROPICAL ECRU/RED,4820
SELVA TROPICAL DARK CHOCOLATE/GREEN,4821
SELVA TROPICAL EMERALD/ECRU,4822
SELVA TROPICAL OLIVE/CANTALOUPE,4823
SELVA TROPICAL VANILLA/OLIVE,4824
SELVA TROPICAL WINE/ECRU,4825
SELVA TROPICAL NAVY/MONK,4826
SELVA TROPICAL ECRU/BLACK,4827
PALM ECRU/WINE/PINK,4828
PALM CORAL/WINE/PINK,4829
PALM ECRU/RED/PINK,4830
PALM ECRU/CHOCOLATE/PURPLE,4831
PALM ECRU/NAVY/SALMON,4832
PALM ECRU/CHOCOLATE/YELLOW,4833
PALM GREEN/CHOCOLATE/VANILLA,4834
SELVA DARK CHOCOLATE/GREEN,4835
SELVA BLACK/ECRU,4836
SELVA JACQUARD RED/ECRU,4837
LUREX SILVER ECRU/BLACK,4838
LUREX CANTALOUPE/SILVER ECRU,4839
LUREX PAPRIKA/SILVER ECRU,4840
LUREX BLACK/GOLD,4841
LUREX ECRU/GOLD,4842
BLACK/JADE/RED,4843
ECRU/BRONCE LUREX,4844
ECRU/BLACK LUREX,4845
BLACK/BRONCE LUREX,4846
ECRU/GOLD/SILVER,4847
BLACK/GOLD ROSE,4848
RUSSET BROWN/ECRU,4849
BLACK/GREEN/ECRU/RED,4850
OLIVE/CHOCOLATE/CANTALOUPE,4851
ECRU/WINE/PINK,4852
COFFEE BEANS,4853
ECRU/MIDNIGHT BLACK,4854
COFFE BEANS/ECRU,4855
MIDNIGHT BLACK/DARK CHOCOLATE,4856
MIDNIGHT BLACK/DARK CHOCOLATE/ECRU,4857
OLIVE GREEN/MIDNIGHT BLACK/ECRU,4858
COFFE BEANS/ECRU/MIDNIGHT BLACK,4859
MIDNIGHT BLACK/ECRU,4860
SUMMER WINE/ECRU,4861
VIBRANT VIOLET/EMERALD GREEN,4862
SEVILLE YELLOW/DARK CHOCOLATE,4863
ECRU/RED OCHRE,4864
ECRU/BLACK MIDNIGHT/DARK CHOCOLATE,4865
BLACK MIDNIGHT/DARK CHOCOLATE,4866
ECRU/BLACK MIDNIGHT,4867
DARK CHOCOLATE/BLACK MIDNIGHT,4868
BLACK MIDNIGHT,4869
SEVILLE YELLOW,4870
ECRU/DARK CHOCOLATE/MIDNIGHT BLACK,4871
MIDNIGHT BLACK/GOLD,4872
NAVY/SILVER,4873
MIDNIGHT BLACK/ECRU/GOLD/SILVER,4874
MIDNIGHT BLACK/SILVER,4875
TILE GREEN/VIBRANT VIOLET,4876
ALHAMBRA RED/ECRU,4877
TILE GREEN/ECRU,4878
SELVA TROPICAL ECRU/BLUE,4879
BLACK/DARK CHOCOLATE/SILVER/GOLD,4880
COFFEE BEANS/GOLD,4881
ECRU/MIDNIGHT BLACK/GOLD,4882
SALMON/EMERALD/PURPLE,4883
RED/DARK WINE/ECRU,4884
ECRU/OLIVE/SALMON,4885
DARK WINE/RED/ECRU,4886
NAVY BLUES/ECRU,4887
ALHAMBRA RED/ECRU/DARK CHOCOLATE,4888
EXTRA LIGHT HONEY/DARK CHOCOLATE,4889
BLUE/CANTALOUPE/ECRU,4890
DARK CHOCOLATE/EXTRA LIGHT HONEY,4891
PAPRIKA/ECRU,4892
CLAVEL RED/GOLD,4893
VIOLET/GOLD,4894
TILE GREEN/GOLD,4895
CITRINE YELLOW/GOLD,4896
CLAVEL RED/GOLD/VIOLET,4897
VIOLET/GOLD/TILE GREEN,4898
TILE GREEN/GOLD/CLAVEL RED,4899
GOLD/PAPRIKA,4900
DARK CHOCOLATE/MIDNIGHT BLACK,4901
TILE/GREEN,4902
BLACK/FLAMENCO PINK,4903
ECRU/COPPER/DARK BLUE,4904
FRENCH DIJON/MYSTIQUE EMERALD/ECRU,4905
RED PLUM/BEIGE/RUST,4906
ROSE/DARK WINE/COFFEE,4907
RUSTY MARSALA/INTENSE ROSE/ECRU,4908
ROSE/DARK WINE,4909
RUSTY MARSALA/INTENSE ROSE,4910
GREEN/PAPRIKA/PINK,4911
SALMON/RED,4912
RED/LIGHT SALMON,4913
TAN/ECRU,4914
WINE/PINK,4915
OVER/BLACK/ECRU,4916
BROWN/FUCSIA,4917
ECRU/BLUE/WASHED,4918
RED/ROSE/ECRU,4919
RUSSET TERRACOTA/ROSE/DARK RUST,4920
WINE/ECRU/LAVENDER,4921
RUSSET TERRACOTA/ROSE,4922
MARSALA/PINK/CAMEL,4923
GREEN/ACQUA,4924
PEACH/BROWN,4925
GREEN/BEIGE,4926
RHOMBS WINE/PINK,4927
COFFEE/BLUE,4928
FRENCH DIJON/MYSTIQUE EMERALD,4929
RED PLUM/BEIGE,4930
COFFEE/ECRU,4931
ECRU/BLUE/ROSE,4932
ECRU/COFFEE/CAMEL,4933
RED/ROSE/WINE,4934
GREEN/ACQUA/ECRU,4935
GREEN/WINE/ECRU,4936
BROWN/CHESTNUT,4937
TABACO/MILITARY GREEN,4938
ECRU/DARK CHOCOLATE/GREEN,4939
ECRU/MARSALA,4940
ECRU/PAPRIKA/LIGHT PINK,4941
ECRU/COPPER SKIN/DARK SLATE BLUE,4942
ECRU/COPPER SKIN,4943
ECRU/TAN,4944
CAMEL/LIGHT BLUE/RED,4945
SAND/BLACK,4946
TROPICAL BLACK/ECRU/GOLD,4947
TROPICAL ECRU/MULTICOLOR/GOLD,4948
TROPICAL CHOCOLATE/MULTICOLOR/GOLD,4949
MOORISH RED,4950
SEVILLE YELLOW/BLACK,4951
GREY/BLACK,4952
MINT/BLACK,4953
LILA/BLACK,4954
DARK CHOCOLATE/SAND,4955
MIDNIGHT BLACK/SAND,4956
COFFEE BEANS/ECRU/MIDNIGHT BLACK,4957
COPPER/COFFEE BEANS,4958
ECRU/MIDNIGHT BLACK/DARK CHOCOLATE,4959
ECRU/DARK CHOCOLATE/BLACK,4960
NUDE/COFFEE BEANS,4961
MOORISH RED/BLACK,4962
ECRU/ALHAMBRA RED,4963
CLAVEL RED,4964
VIOLET FLOR,4965
COFFEE BEANS/ECRU,4966
WINE/FUCHSIA,4967
LIGHT OCRE,4968
DARK CHOCOLATE/SILVER,4969
SAND/SILVER,4970
BEIGE/SILVER,4971
BEIGE/GOLD,4972
NAVY/GREEN,4973
MOSAIC BLUE/AZULEJO BLUE,4974
CAMEL/SUMMER WINE,4975
FLORAL SHADOWS NAVY/ECRU/GREEN,4976
SUMMER WINE/GOLD,4977
FLAMENCO PINK,4978
TURQUOISE/ORANGE,4979
ECRU/MIDNIGHT,4980
BLACK/OCHER,4981
NUDE/ORANGE,4982
NUDE/DARK CHOCOLATE,4983
EMERALD GREEN/WINE,4984
SUMMER WINE/PINK,4985
OLIVE/PINK,4986
ANTIQUE ECRU/BLACK/CAMEL,4987
MOCCA/SAND,4988
CHARROS GREEN/ECRU,4989
ICONIC BLACK/ECRU,4990
MADERO WINE,4991
MAGUEY GREEN,4992
CHARROS GREEN,4993
MOCCA/ECRU,4994
MADERO WINE/ECRU,4995
MAGUEY GREEN/ECRU,4996
GOLD/MADERO WINE,4997
GOLD/ICONIC BLACK,4998
ANTIQUE ECRU/GOLD,4999
MADERO WINE/RED/ECRU/GOLD,5000
CHARROS GREEN/MOCCA/GOLD,5001
ICONIC BLACK/NATURAL,5002
MADERO WINE/NATURAL,5003
MAGUEY GREEN/NATURAL,5004
MOCCA/NATURAL,5005
MADERO WINE/GOLD,5006
CHARROS GREEN/GOLD,5007
ECRU/ICONIC BLACK,5008
MADERO WINE/MOCCA,5009
CHARROS GREEN/MOCCA/ECRU,5010
ICONIC BLACK/MOCCA,5011
MAGUEY GREEN/GOLD,5012
ANTIQUE ECRU/GOLD/BLACK,5013
MADERO WINE/SILVER/RED,5014
MAGUEY GREEN/GOLD/MOCCA,5015
ICONIC BLACK/SILVER/ECRU,5016
SAND/ICONIC BLACK,5017
NUDE/GOLD,5018
ANTIQUE ECRU/WINE,5019
POLO RHOMBS SAND/ECRU,5020
POLO RHOMBS ECRU/SAND,5021
POLO RHOMBS ECRU/PINK,5022
POLO RHOMBS ECRU/WINE,5023
POLO RHOMBS ECRU/RED,5024
POLO RHOMBS ECRU/LIGHT PINK,5025
POLO RHOMBS LIGHT PINK/ECRU,5026
POLO RHOMBS ECRU/BLUE,5027
POLO RHOMBS ECRU/GREEN,5028
POLO RHOMBS GREEN/ECRU,5029
POLO RHOMBS DARK GREEN/MINT,5030
POLO RHOMBS MARSALA/ECRU,5031
POLO RHOMBS MAGENTA/PINK,5032
POLO RHOMBS ROSE/CAMEL,5033
POLO RHOMBS BLACK/ECRU,5034
ZEBRA PALMS DARK CHOCOLATE/CAMEL,5035
ZEBRA PALMS DARK CHOCOLATE/PINK,5036
ZEBRA PALMS DARK CHOCOLATE/LIGHT GREEN,5037
ZEBRA PALMS DARK MOCCA/ECRU,5038
ZEBRA PALMS DARK ECRU/BLACK,5039
ZEBRA PALMS DARK DARK MINT/GREEN,5040
GEOMETRIC MEDALLION ECRU/RED/LILAC,5041
GEOMETRIC MEDALLION RED/ECRU/LILAC,5042
GEOMETRIC MEDALLION RED LEGHT/WINE PINK,5043
GEOMETRIC MEDALLION PAPRIKA/NUDE/CHOCOLATE,5044
GEOMETRIC MEDALLION PAPRIKA/PINK/WINE,5045
GEOMETRIC MEDALLION RED/PINK/ECRU,5046
GEOMETRIC MEDALLION LIGHT PINK/WINE/RED,5047
GEOMETRIC MEDALLION ECRU/MARSALA/VIOLET,5048
GEOMETRIC MEDALLION ECRU/BLUE/MARSALA,5049
GEOMETRIC MEDALLION CAMEL/MINT/DARK GREEN,5050
GEOMETRIC MEDALLION CAMEL/ACQUA/RED,5051
GEOMETRIC MEDALLION CHOCOLATE/GREEN/CANTALOUPE,5052
GEOMETRIC MEDALLION BLACK/ECRU,5053
GEOMETRIC MEDALLION ECRU/BLACK,5054
GEOMETRIC PALM ECRU/RED/WINE,5055
GEOMETRIC PALM RED/WINE/PINK,5056
GEOMETRIC PALM CAMEL/WINE/PINK,5057
GEOMETRIC PALM WINE/PINK/CAMEL,5058
GEOMETRIC PALM LIGHT PINK/RED/WINE,5059
GEOMETRIC PALM ECRU/PARRIKA/LIGHT PINK,5060
GEOMETRIC PALM ECRU/CHOCOLATE/MOCCA,5061
GEOMETRIC PALM ECRU/LIGHT BLUE,5062
GEOMETRIC PALM CAMEL/RED/ACQUA,5063
GEOMETRIC PALM GREEN/CHOCOLATE/PINK,5064
GEOMETRIC PALM ECRU/CHOCOLATE/CAMEL,5065
GEOMETRIC PALM DARK CHOCOLATE/CAMEL/PINK,5066
GEOMETRIC PALM BLACK/ECRU,5067
GEOMETRIC PALM ECRU/BLACK,5068
GEOMETRIC MEDALLION ALLOVER MOCCA/LIGHT GREEN/ECRU,5069
GEOMETRIC MEDALLION ALLOVER ECRU/PARRIKA,5070
GEOMETRIC MEDALLION ALLOVER ECRU/BLACK,5071
GEOMETRIC MEDALLION ALLOVER BLACK/ECRU,5072
GEOMETRIC PALM ALLOVER CAMEL/ACQUA/RED,5073
GEOMETRIC PALM ALLOVER GREEN/SAND/LIGHT RED,5074
GEOMETRIC PALM ALLOVER ECRU/WINE/RED,5075
GEOMETRIC PALM ALLOVER RED/LIGHT PINK/WINE,5076
GEOMATRIC PALM ALLOVER ECRU/BLACK,5077
CAMEL/MINT/DARK GREEN,5078
MADERO WINE/CAMEL/GOLD,5079
MAGUEY GREEN/CAMEL/GOLD,5080
NAVY/ECRU/GOLD,5081
NAVY/ECRU/BLACK,5082
ECRU/MOCCA,5083
CAMEL/SAND,5084
CAMEL/RUST,5085
NAVY/MOCCA/ECRU,5086
CAMEL/NATURAL/ECRU,5087
CHARROS GREEN/NATURAL/RUST/MAGUEY GREEN,5088
NAVY/NATURAL/ECRU/HEAVEN BLUE,5089
ICONIC BLACK/ECRU/NATURAL,5090
CAMEL/MOCCA/ECRU,5091
FEATHER RED/ECRU/AZTEC RED,5092
ANTIQUE ECRU/NAVY/HEAVEN BLUE,5093
ICONIC BLACK/MOCCA/ECRU,5094
SOMBRERO NUDE/RUST,5095
FEATHER RED/NATURAL/AZTEC RED,5096
ANTIQUE ECRU/CAMEL,5097
FEATHER RED/CAMEL,5098
ANTIQUE ECRU/NUDE/BLACK,5099
MADERO WINE/BLACK/DAHLIA PINK,5100
MADERO WINE/ECRU/AZTEC RED,5101
MAGUEY GREEN/CHARROS GREEN/CAMEL,5102
CAMEL/ANTIQUE ECRU/RUST,5103
CAMEL/RUST/MOCCA,5104
MOCCA/ICONIC BLACK,5105
ANTIQUE ECRU/CAMEL/MOCCA,5106
NAVY/ANTIQUE ECRU/HEAVEN BLUE,5107
MAGUEY GREEN/ECRU/CHARROS GREEN,5108
ANTIQUE ECRU/CHARROS GREEN/DAHLIA PINK,5109
ICONIC BLACK/CAMEL,5110
MADERO WINE/SAND,5111
MAGUEY GREEN/CAMEL,5112
RUST/MADERO WINE/DAHLIA PINK,5113
MADERO WINE/HOT PINK/DAHLIA PINK,5114
CHARROS GREEN/MINT/ECRU,5115
MADERO WINE/FEATHER RED/DAHLIA PINK,5116
CAMEL/HEAVEN BLUE/ECRU,5117
MAGUEY GREEN/ECRU/MOCCA,5118
ICONIC BLACK/ANTIQUE ECRU,5119
MOCCA/MAGUEY GREEN,5120
ECRU/LIGHT PINK,5121
LIGHT PINK/ECRU,5122
DARK GREEN/MINT,5123
MAGENTA/PINK,5124
ROSE/CAMEL,5125
DARK CHOCOLATE/CAMEL,5126
DARK CHOCOLATE/PINK,5127
DARK CHOCOLATE/LIGHT GREEN,5128
DARK MOCCA/ECRU,5129
DARK ECRU/BLACK,5130
DARK MINT/GREEN,5131
ECRU/RED/LILAC,5132
RED LIGHT/WINE PINK,5133
PAPRIKA/NUDE/CHOCOLATE,5134
PAPRIKA/PINK/WINE,5135
RED/PINK/ECRU,5136
LIGHT PINK/WINE/RED,5137
ECRU/MARSALA/VIOLET,5138
ECRU/BLUE/MARSALA,5139
CAMEL/ACQUA/RED,5140
CHOCOLATE/GREEN/CANTALOUPE,5141
MOCCA/LIGHT GREEN/ECRU,5142
ECRU/PAPRIKA,5143
GREEN/SAND/LIGHT RED,5144
ECRU/WINE/RED,5145
RED/LIGHT PINK/WINE,5146
GREEN/CHOCOLATE/PINK,5147
ANTIQUE ECRU/WOOD,5148
RED/WINE/PINK,5149
PINK/WINE/RED,5150
LIGHT RED/WINE/PINK,5151
WINE/PINK/CAMEL,5152
ANTIQUE ECRU/PAPRIKA,5153
ICONIC BLACK/PAPRIKA,5154
ANTIQUE ECRU/MOCCA,5155
MAGUEY GREEN/ECRU/CHOCOLATE,5156
PAPRIKA/ECRU/DAHLIA PINK,5157
HAVANAS,5158
MAGUEY GREEN/WINE/NATURAL,5159
PINK/ECRU/NATURAL,5160
WOOD/DARK CHOCOLATE/ECRU,5161
ANTIQUE ECRU/DAHLIA PINK/HEAVEN BLUE,5162
MOCCA/SAND/ECRU,5163
MEXICAS RED/ECRU/WINE,5164
ECRU/GRASS GREEN/MOCCA,5165
MARSALA/NUDE/ECRU,5166
CAMEL/MINT/ECRU,5167
ANTIQUE ECRU/MARSALA,5168
ECRU/WOOD/CAMEL,5169
AZTEC RED/WINE/ECRU,5170
PAPRIKA/ANTIQUE ECRU,5171
ANTIQUE ECRU/LAELIA MAGENTA,5172
LAELIA MAGENTA/HOT PINK,5173
MAGUEY GREEN/NUDE,5174
ICONIC BLACK/WOOD,5175
SOMBRERO NUDE,5176
MOCCA/WOOD,5177
MAYAHUEL GREEN/MINT/ECRU,5178
MEXICAS RED,5179
SHELL PINK/NATURAL,5180
GRASS GREEN/NATURAL,5181
ANTIQUE ECRU/MADERO WINE,5182
MADERO WINE/MOCCA/ECRU,5183
ICONIC BLACK/RUST,5184
PEACH/ECRU,5185
MOCCA/RED,5186
ECRU/CHOCOLATE/GREEN,5187
PAPRIKA/PINK,5188
PINK/WINE,5189
CAMEL/MINT,5190
PAPRIKA/ROSE,5191
MAGENTA/PINK/CAMEL,5192
ECRU/ORANGE/PINK,5193
RED/WINE/LIGHT PINK,5194
ECRU / RED / PINK,5195
ECRU / MARSALA / CHOCOLATE,5196
CAMEL / PINK / WINE,5197
GREEN / LIGHT PINK / PAPRIKA,5198
ECRU / MOCCA / BLUE,5199
CAMEL / RED / YELLOW,5200
ECRU / BLACK,5201
BLACK / ECRU,5202
ECRU / GREEN / PINK,5203
ECRU / RUST / GREEN / MINT,5204
ECRU / CHOCOLATE / MOCCA,5205
ECRU / CAMEL / PINK / BLUE,5206
CAMEL / LIGHT BLUE / RED,5207
ECRU / CAMEL / WINE / PINK,5208
ECRU / WINE / RED / PINK,5209
RED / LIGHT PINK / WINE / ECRU,5210
ECRU / RED / BLACK,5211
WINE / PINK / CAMEL,5212
CAMEL / WINE / PINK,5213
ECRU / CAMEL / PINK,5214
ECRU / RED / WINE,5215
PAPRIKA / SAND / CHOCOLATE,5216
CHOCOLATE / ECRU / PAPRIKA,5217
SAND / CHOCOLATE / ECRU,5218
ECRU / LIGHT PINK / SAND / BLACK,5219
PINK / GREEN / MOCCA,5220
ECRU / GREEN / LIGHT PINK,5221
MOCCA / PINK / GREEN,5222
RUST / GREEN / MINT,5223
ECRU / RUST / GREEN,5224
MARSALA / PINK / CHOCOLATE / ECRU,5225
PAPRIKA /WOOD / YELLOW / ECRU,5226
RED / CAMEL / YELLOW / BLUE,5227
MINT / RUST / GREEN / ECRU,5228
ANTIQUE ECRU / GREEN / MOCCA / LIGHT PINK,5229
PINK / RED / WINE,5230
WINE / PINK / CAMEL / RED,5231
PINK / GREEN / CHOCOLATE,5232
CHOCOLATE / GREEN / LIGHT PINK,5233
RED / WINE / LIGHT PINK,5234
PINK / WINE / ECRU,5235
ORANGE / AQUA,5236
ECRU / BLACK / GREEN,5237
ECRU / BLUE,5238
OCHER / ECRU,5239
ECRU / WINE,5240
RED / WINE,5241
MAROON / BLACK / ECRU,5242
LIGHT BROWN / BLACK,5243
BLACK / BROWN,5244
RED / ECRU,5245
OCHER,5246
ECRU / BROWN,5247
BLUE / ORANGE / ECRU,5248
ECRU / GREEN,5249
BLACK / ORANGE / GREEN,5250
ECRU / RED,5251
BLACK / GOLD / GREEN,5252
RUBY / RED,5253
AQUA / GOLD,5254
BROWN / ECRU,5255
ECRU / RED / BLUE,5256
ECRU / RED / PURPLE,5257
DARK BROWN / PURPLE / RED,5258
RED / PINK / DARK BROWN,5259
ECRU / DARK CHOCOLATE,5260
NAVY / ECRU,5261
RED / MAGENTA,5262
GREEN / BLACK,5263
ECRU / EMERALD,5264
NUDE / GREEN,5265
TOILE SOFT GUAVA / CHOCOLATE / CORAL,5266
TOILE BURNT MAROON / BLACK / ECRU,5267
ANTIQUE ECRU / GOLD,5268
DARK CHOCOLATE / GOLD / BLACK,5269
ICONIC BLACK / GOLD,5270
CAMEL / GOLD,5271
MAYAHUEL GREEN / GOLD,5272
WOOD / ANTIQUE ECRU,5273
ICONIC BLACK / ANTIQUE ECRU,5274
ANTIQUE ECRU / ICONIC BLACK,5275
CAMEL / ANTIQUE ECRU / MINT,5276
MADERO WINE / HOT PINK / CAMEL,5277
CAMEL / MINT,5278
MADERO WINE / HOT PINK,5279
ANTIQUE ECRU / MEXICAS RED,5280
SAND / GRASS GREEN / MOCCA,5281
WOOD / MEXICAS RED / ANTIQUE ECRU,5282
GRASS GREEN / CHARROS GREEN,5283
ANTIQUE ECRU / AZTEC RED,5284
AZTEC RED / SHELL PINK,5285
GOLD / ICONIC BLACK,5286
GOLD / ANTIQUE ECRU,5287
SOBRERO NUDE,5288
DARK CHOCOLATE / SAND,5289
MIDNIGHT BLACK / SAND,5290
SHELL PINK / MADERO WINE / MEXICAS RED,5291
GOLD / ECRU,5292
GOLD / WOOD,5293
SILVER / BLACK,5294
WOOD / CAMEL,5295
ECRU / SAND,5296
OFF WHITE / BLUE,5297
NAVY DENIM,5298
AZTEC RED,5299
SAND / ICONIC BLACK,5300
ICONIC BLACK / MOCCA,5301
ANTIQUE ECRU / MOCCA,5302
CAMEL / MOCCA,5303
MOCCA / ANTIQUE ECRU,5304
WINE / FUCSHIA,5305
WINE / SAND,5306
WINE / PEACH,5307
BLACK / LESS BRIGHT GREEN,5308
EMERALD GREEN / MINT,5309
DARK CHOCOLATE / GREEN / SAND / PINK,5310
DARK VIOLET / GREEN / ECRU,5311
BLACK / MOCCA / SAND / RED,5312
SAND / RED / MOCCA / BLACK,5313
BLACK / MARSALA / LIGHT PINK / ECRU,5314
NAVY / MID BLUE / ECRU,5315
WINE / NAVY / LIGHT BLUE / ECRU,5316
EMERALD GREEN / LIGHT GREEN / PINK,5317
HOT RED / DARK WINE / PEACH,5318
DARK WINE / PEACH / HOT RED,5319
DARK CHOCOLATE / SAND / LIGHT PINK,5320
BLACK / SAND,5321
WINE / ECRU,5322
MARSALA / WINE,5323
CHOCOLATE / ECRU,5324
SAND / BLACK,5325
EMERALD GREEN / ECRU,5326
CHOCOLATE / JADE,5327
BLACK / GREEN,5328
SAND / WINE,5329
DARK CHOCOLATE / GREEN,5330
BLACK / LIGHT PINK,5331
NAVY / ECRU / BLUE,5332
MOCCA / SAND / GREEN / PINK,5333
ECRU / WINE / CAMEL / BLUE,5334
BLACK / ECRU / SAND,5335
WINE / PEACH / MARSALA,5336
SAND / DIAMOND RED,5337
DARK CHOCOLATE / ECRU / RED,5338
BLACK / DARK CHOCOLATE,5339
WINE / VIOLET,5340
BLACK / SAND / COCOA,5341
WINE / ECRU / BLUE,5342
SAND / MOCCA / RED,5343
NAVY / BLUE / ECRU,5344
BLACK / MARSALA / PINK / ECRU,5345
CHOCOLATE / GREEN / SAND / ECRU,5346
BROWN / CAMEL,5347
BROWN / MARRON / PINK / ECRU,5348
DARK GREEN / MILITARY GREEN / PINK / WINE,5349
NUDE / BLACK,5350
BURNT / ECRU,5351
DARK CHOCOLATE / GOLD,5352
EMERALD GREEN / OLD SILVER,5353
DARK SILVER,5354
BLACK / MATTE GOLD,5355
BLACK / MATTE GOLD / EMERALD GREEN / MARSALA,5356
⁠BLACK / CHOCOLATE / ECRU,5357
ECRU / NAVY,5358
MINT / MAGENTA,5359
PINK / TERRACOTA,5360
YELLOW / BROWN,5361
GARDEN BROWN,5362
FLORAL / GREEN,5363
GREEN / ECRU,5364
RED / PINK,5365
LILA / SALMON,5366
ANTIQUE BLACK / GREEN,5367
FLORALS BLACK / NUDE,5368
BLUE / ECRU,5369
LIGHT OCHER,5370
FOREST GREEN / NAVY,5371
LIGHT BROWN / MAROON,5372
HONEY MUSTARD / BLACK,5373
MAROON / BLACK,5374
ROYAL BLACK / GOLD,5375
MOCCA / GOLD,5376
WOOD / GOLD,5377
ANTIQUE ECRU / ROYAL BLACK,5378
ROYAL BLACK,5379
FATE VIOLET,5380
DARK CHOCOLATE/ SAND,5381
DARK CHOCOLATE PYTHON,5382
ROYAL BLACK PYTHON,5383
ROYAL BLACK / SILVER,5384
COCOA / SAND NUDE PYTHON,5385
MOCCA / ROYAL BLACK,5386
ROYAL BLACK / ANTIQUE ECRU,5387
ROYAL BLACK / DARK CHOCOLATE,5388
GOLD / EMERALD GREEN,5389
GOLD / DARK CHOCOLATE,5390
COCOA,5391
FATE VIOLET / GOLD,5392
COCOA / GOLD,5393
GOLD / ROYAL BLACK,5394
AMBER / GOLD,5395
REDDISH MOCCA / GOLD,5396
ECRU / GOLD,5397
DARK VIOLET/ ROYAL BLACK,5398
BLACK / SILVER,5399
DARK CHOCOLATE / GOLD / SILVER,5400
PEACH / GOLD,5401
MULTICOLOR / GOLD,5402
REDDISH MOCCA / LIGHT PINK / GOLD,5403
FRENCH WINE / ANTIQUE ECRU / BLUE,5404
ROYAL BLACK / SAND,5405
GOLD / JASPER,5406
GOLD / ONIX BLACK,5407
ROYAL BLACK / MOCCA,5408
EMERALD GREEN / MOCCA,5409
DARK VIOLET / ROYAL BLACK,5410
CHOCOLATE / PEACH / ECRU,5411
BLACK / SAND / RED,5412
MARSALA / PEACH,5413
WINE / RED / PEACH,5414
DENIM / CHOCOLATE,5415
BLACK / COOPER,5416
SAND / CHOCOLATE,5417
CHOCOLATE / SAND,5418
DARK VIOLET / GREEN,5419
BLACK / CHAMPAGNE,5420
DENIM / CHOCOLATE / ECRU,5421
FRENCH WINE / INTENSE RED,5422
ROYAL BLACK / SAND / DIAMOND RED,5423
DARK CHOCOLATE / LESS BRIGHT GREEN,5424
SAND / COCOA / FATE VIOLET,5425
ROYAL BLACK / FRENCH WINE,5426
REDDISH MOCCA / PAPRIKA / GOLD,5427
NAVY / MEDIUM BLUE,5428
FRENCH WINE / PEACH,5429
DARK VIOLET / GOLD,5430
REDDISH MOCCA,5431
DARK CHOCOLATE / BLACK,5432
SAND / DARK CHOCOLATE,5433
SAND / ROYAL BLACK,5434
CARAMEL / GOLD,5435
SAFFRON / ECRU,5436
CAMEL / BLACK,5437
ECRU / PINK,5438
PALE JADE / MOCCA,5439
TOBACCO / FOREST GREEN,5440
MOCCA / FOREST GREEN,5441
CARMIN / SALMON ROSE / BERMELLON,5442
FOREST GREEN / JUNIPER GREEN,5443
TOBACCO / MOCCA,5444
PALE JADE,5445
JUNIPER GREEN,5446
CARMÍN,5447
BERMELLÓN,5448
VERDE HOJA,5449
CAFÉ SUAVE,5450
ROSADO SALMÓN,5451
CAFÉ CHOCOLATE,5452
CAFÉ MARRÓN,5453
VERDE CESPED,5454
ROJO VINO,5455
ROSADO CURUBA,5456
ROJO AZAFRAN,5457
NATURAL / ROSADO CURUBA,5458
NATURAL / VERDE ALGA,5459
NATURAL / CAFÉ MARRON,5460
NATURAL / VERDE CESPED,5461
NATURAL / ROJO AZAFRAN,5462
NATURAL / ROJO VNO,5463
NATURAL / MOCCA,5464
NATURAL / JUNIPER GREEN,5465
NATURAL / BERMELLON,5466
PALE JADE / SALMON ROSE,5467
RUST / ECRU,5468
PLUM / ECRU,5469
ECRU / SAND / PLUM,5470
RED / ECRU / DARK CHERRY,5471
RUST / DARK GREEN,5472
ECRU / DARK CHERRY / PINK,5473
CAMEL / ECRU / CHOCOLATE,5474
DARK CHERRY / PINK,5475
NAVY / LIGHT BLUE / ECRU,5476
RED / DARK CHERRY / ECRU,5477
ECRU / RUST,5478
DARK GREEN / CAMEL,5479
LIGHT GREEN / ECRU,5480
BROWN / MAROON,5481
LIGHT GREEN,5482
DARK GREEN,5483
ECRU / WINE / RED,5484
DARK CHERRY / ECRU,5485
ECRU / DARK GREEN,5486
ECRU / SAND / DARK CHERRY,5487
YELLOW / LIGHT GREEN,5488
ECRU / YELLOW / LIGHT GREEN,5489
ECRU / DARK GREEN / CAMEL,5490
ECRU / NAVY / LIGHT BLUE,5491
CAMEL / ECRU,5492
CAMEL / ECRU / SAND,5493
MARSALA / ECRU,5494
ECRU / MARSALA,5495
PLUM / DARK CHERRY,5496
DARK CHERRY / PLUM,5497
RED / ECRU / WINE,5498
DARK CHERRY / RED / ECRU,5499
RED / DARK CHERRY,5500
PINK / WINE,5501
LIGHT GREEN / PEACH,5502
GUAVA,5503
PEACH / ECRU / CHOCOLATE,5504
LIGHT GREEN / PINK,5505
DARK GREEN / ECRU,5506
NAVY / ECRU / LIGHT BLUE,5507
ORANGE / ECRU,5508
DARK CHERRY / PINK / ECRU,5509
DARK CHERRY / RED,5510
PINK / DARK CHERRY / ECRU,5511
ORANGE / ECRU / WINE,5512
ECRU / CAMEL,5513
ECRU / DARK CHERRY,5514
WINE / CAMEL,5515
CAMEL / LIGHT GREEN,5516
LIGHT GREEN / CAMEL,5517
ECRU / CHOCOLATE,5518
WINE / CHOCOLATE,5519
SAND / NAVY,5520
ICONIC BLACK / WOOD,5521
ECRU / WHITE,5522
ECRU / WOOD,5523
BLACK / WOOD,5524
ECRU / ICONIC BLACK,5525
NUDE / ROSE GOLD,5526
MOCCA / ECRU,5527
LIGHT PEACH / ECRU,5528
GREEN / PEACH,5529
WINE / DARK CHERRY,5530
ECRU / NUDE,5531
WINE / RED,5532
NAVY / BLACK,5533
PEACH / ECRU,5534
PINK / CHEERY,5535
BLACK / NUDE,5536
BLACK / CHOCOLATE,5537
ALGAE GREEN,5538
AUBERGINE BROWN,5539
AUBERGINE BROWN / MUSTARD / ECRU,5540
BLACK / ALGAE GREEN / ECRU,5541
BLACK / ANTIQUE ECRU,5542
BLACK / PEACH,5543
CERULIAN BLUE,5544
CERULIAN BLUE / DARK CHERRY / PINK,5545
CERULIAN BLUE / PINK / CHERRY,5546
CERULIAN BLUE / PINK / DARK CHERRY,5547
CERULIAN BLUE / PINK / WINE / RUST,5548
DARK CHERRY,5549
DARK CHERRY / ECRU / RED,5550
DARK CHERRY / ECRU / RED / PINK,5551
DARK CHERRY / RED / ECRU / PEACH,5552
DARK CHERRY / WINE / PINK / ECRU,5553
ECRU / MINT / WINE / RUST,5554
ECRU / NAVY / BLUE,5555
ECRU / PEACH / CERULIAN BLUE / WINE,5556
ECRU / PINK / WINE,5557
GREEN / PEACH / WINE / ECRU,5558
MARSALA / ECRU / WINE,5559
MARSALA / WINE / ECRU,5560
MARSALA / WINE / PEACH,5561
MIDDLE BLUE,5562
NAVY / ALGAE GREEN / PEACH / MARSALA,5563
NAVY / BLUE / PEACH / MARSALA,5564
PEACH / DARK CHERRY,5565
PEACH / GREEN / WINE / ECRU,5566
PINK / MINT / DARK CHERRY,5567
PINK / VIOLET / ECRU / PEACH,5568
RUST / DARK CHERRY / PINK / ECRU,5569
RUST / ECRU / PINK / DARK CHERRY,5570
RUST / ECRU / WINE,5571
RUST / PINK / DARK CHERRY,5572
RUST / WINE,5573
SAFARI GREEN / MUSTARD / ECRU,5574
SAFARI GREEN / PEACH / WINE,5575
SAFARI GREEN / PEACH / WINE / ECRU,5576
SAFARI GREEN / YELLOW / ECRU / WINE,5577
SAFARI YELLOW,5578
VIOLET / PEACH / PINK / ECRU,5579
WINE / ECRU / MARSALA,5580
WINE / PINK / ECRU / PEACH,5581
COGNAC / RUST,5582
GOLD / BLACK,5583
NAVY / MIDDLE BLUE,5584
RUST / DARK CHERRY / PINK,5585
WINE / PINK,5586
SAFARI GREEN / PEACH,5587
ECRU / MIDDLE BLUE / NAVY,5588
ECRU / WINE / MARSALA,5589
BLACK / AUBERGINE BROWN,5590
DARK CHOCOLATE / RUST,5591
ECRU / COGNAC,5592
SAND / ANTIQUE ECRU,5593
COGNAC / ECRU / BLACK,5594
BLACK / DARK CHOCOLATE / ECRU,5595
ECRU / DARK CHOCOLATE / BLACK,5596
SAND / DARK CHOCOLATE / SAFARI GREEN,5597
COGNAC / SAND / ECRU,5598
COGNAC / SAND / PINK,5599
ECRU / DARK CHOCOLATE / YELLOW,5600
SAFARI GREEN / DARK CHOCOLATE,5601
BLACK / GOLD,5602
DARK CHOCOLATE / PINK,5603
DARK CHOCOLATE / JADE,5604
DARK CHOCOLATE / ECRU,5605
ECRU / SAFARI YELLOW,5606
DARK CHOCOLATE / BLACK / EMERALD GREEN,5607
ECRU / GREEN / BLACK,5608
GREEN / SAND,5609
GREEN / ORANGE,5610
YELLOW / ECRU,5611
MARIGOLD / ECRU,5612
WINE / ORANGE,5613
FUCSIA / ECRU,5614
CORAL / RED / ECRU,5615
TERRACOTA / ORANGE,5616
BROWN / BLACK,5617
RUST / BROWN,5618
GOLD / WINE,5619
GOLD / RUST,5620
GOLD / NAVY,5621
GOLD / JADE,5622
SAND / RUST,5623
COGNAC / ECRU,5624
CERULIAN BLUE / GOLD,5625
ECRU / BLACK / GOLD,5626
ECRU / DARK CHERRY / GOLD,5627
ECRU / SAFARI GREEN / GOLD,5628
RUST / MARSALA / GOLD,5629
JADE / BLACK / GOLD,5630
DARK CHOCOLATE / JADE / GOLD,5631
MARSALA / RUST,5632
NAVY / SILVER,5633
SAFARI GREEN / GOLD,5634
GOLD / MIDDLE BLUE,5635
RUST / GOLD,5636
NAVY / MIDDLE BLUE / ECRU,5637
DARK CHERRY / RED / PEACH / ECRU,5638
RUST / PINK / ECRU / DARK CHERRY,5639
WINE / MARSALA / ECRU,5640
NAVY / ECRU / MIDDLE BLUE,5641
ECRU / COGNAC / BLACK,5642
SAND / GOLD,5643
LEOPARD / GOLD,5644
SAFARI GREEN / ECRU / GOLD,5645
MARSALA / COPPER,5646
COGNAC / SAND,5647
LEOPARD / ECRU / BLACK,5648
ALGAE GREEN / PINK,5649
RUST / MUSTARD,5650
CHOCOLATE / GREENERY,5651
LEOPARD / BLACK / GOLD,5652
COGNAC / GOLD,5653
RUST DARK,5654
ECRU / MULTICOLOR,5655
ECRU / PEACH,5656
CHERRY / WINE,5657
GREEN / YELLOW,5658
BLACK / MULTICOLOR,5659
CHOCOLATE / RED,5660
BLACK / DENIM,5661
GOLDEN / ECRU,5662
LILA VINO / CAFÉ CHOCOLATE,5663
NAVY BLUE / ECRU / COGNAC,5664
NAVY BLUE / ECRU / BLACK,5665
NAVY BLUE / ECRU / MIDDLE BLUE,5666
LILA VINO / SALMON ROSE,5667
DARK CHOCOLATE / EMERALD GREEN,5668
BRIGHT GREEN / DARK GREEN / GOLD,5669
FOREST GREEN / SILVER,5670
ECRU / RED / WINE / BLACK,5671
WINE / YELLOW,5672
BEIGE / RED,5673
BLACK / BLUE,5674
GREEN / BROWN,5675
ECRU / LILAC,5676
GREEN / MINT / PEACH,5677
WINE / PEACH / BRIGHT RED,5678
NUDE / GOLD,5679
ECRU / MINT / GOLD,5680
ECRU / WINE / GOLD,5681
ECRU / YELLOW,5682
ECRU / DARK BROWN / BLACK,5683
DARK BROWN / MILITARY GREEN / ECRU,5684
WARM BROWN,5685
TRENCHCOAT / GOLD,5686
BLACK / DARK BROWN / ECRU,5687
DARK BROWN / BLACK,5688
DARK BROWN / ECRU / BLACK,5689
BLACK / DARK BROWN,5690
LEOPARD / ECRU,5691
DARK BROWN / GOLD,5692
WARM BROWN / GOLD,5693
WARM BROWN / BLACK PYTHON,5694
DARK BROWN / BLACK PYTHON,5695
YELLOW / DARK BROWN,5696
LEOPARD / DARK BROWN,5697
LEOPARD / BLACK,5698
NUDE CROCCO,5699
MILITARY GREEN / DARK BROWN,5700
DARK BROWN / ECRU,5701
WARM BROWN / ECRU,5702
GOLD / WARM BROWN,5703
GOLD / DARK BROWN,5704
GOLD / LIGHT MAROON,5705
WARM BROWN / DARK BROWN,5706
WINE / GOLD,5707
JADE / BLACK,5708
MILITARY GREEN / GOLD,5709
WINE / RUST,5710
NUDE / BLACK PYTHON,5711
WINE / RED / ECRU / BLACK,5712
ECRU / WINE / BRIGHT RED,5713
ECRU / WINE / MILITARY GREEN,5714
WINE / BRIGHT RED,5715
YELLOW / ORANGE,5716
MILITARY GREEN / JADE,5717
TRENCHCOAT / BLACK,5718
LIGHT MAROON,5719
STRONG LILLAC / DARK GREEN,5720
MILITARY GREEN / ECRU,5721
YELLOW / WINE,5722
MIDDLE BLUE / ECRU,5723
BRIGHT RED / ECRU,5724
MIDDLE BLUE / BLACK,5725
COLD PINK / DARK CHERRY,5726
DARK CHERRY / GOLD,5727
ORANGE / GOLD,5728
ECRU / DARK BROWN,5729
CORAL / GREEN,5730
TAUPE / PINE GREEN,5731
GREEN / GOLD,5732
GOLD / ECRU / BLACK,5733
GOLD / GARNET,5734
JADE / GOLD,5735
WARM BROWN / MILITARY GREEN,5736
DARK BROWN / NATURAL,5737
BLACK / NATURAL,5738
WARM BROWN / NATURAL,5739
WINE / NATURAL,5740
TRENCHCOAT,5741
DARK BROWN / TRENCHCOAT,5742
MILITARY GREEN / WARM BROWN,5743
NATURAL / NEGRO,5744
DUNE,5745
GOLD / ONIX,5746
CAFÉ ROJIZO,5747
ECRU / MILITARY GREEN / GOLD,5748
WINE / COPPER,5749
GOLD / NUDE,5750
STRONG LILLAC / DARK GREEN / ECRU,5751
WINE / BRIGHT RED / ECRU,5752
BROWN / GREEN,5753
BLACK / COFFEE,5754
CHERRY / ECRU,5755
PINE GREEN / CHOCOLATE,5756
FOREST GREEN / WARM BROWN,5757
BROWN / RED,5758
WINE / ANTIQUE SILVER,5759
BLACK / MIDDLE BLUE,5760
ECRU / RED / GREEN,5761
FOREST GREEN / LILAC,5762
ECRU / WINE / MIDDLE BLUE,5763
DARK GREEN / WARM BROWN,5764
COLD PINK / ECRU,5765
NAVY BLUE / BLACK,5766
GOLD / MILITARY GREEN,5767
NAVY / ECRU / WINE,5768
GRASS GREEN / ECRU / ROSE,5769
ECRU / CAMEL / CHOCOLATE,5770
WINE / CAMEL / CHOCOLATE,5771
ECRU / NAVY / WINE,5772
FOREST GREEN / TANGERINE / PINK,5773
RUST / CHOCOLATE / MINT,5774
WINE / ECRU / ROSE,5775
BLUE / ORANGE,5776
YELLOW / TOBACCO,5777
WARM NUDE,5778
WARM BROWN / CHOCOLATE,5779
DARK COFFEE,5780
WARM NUDE / CHOCOLATE,5781
ECRU / DARK RUST,5782
DARK MARSALA / BLUSH PINK,5783
DARK RUST / RUST,5784
GRASS GREEN / DARK COFFEE,5785
DARK COFFEE / ECRU,5786
ECRU / RUST / WINE,5787
DARK RUST / GRASS GREEN,5788
GRASS GREEN / ECRU,5789
ECRU / WARM NUDE,5790
WARM NUDE / ECRU,5791
YELLOW / CAMEL,5792
RUST / WARM NUDE,5793
FOREST GREEN / WARM NUDE,5794
WINE NUDE / WARM NUDE,5795
FOREST GREEN / ROSE / WARM NUDE,5796
DARK RUST / CHOCOLATE,5797
MINT / CHOCOLATE,5798
GOLD / CHOCOLATE,5799
ANTIQUE BRASS / RUST,5800
FOREST GREEN / CHOCOLATE,5801
FOREST GREEN / ROSE,5802
MUSTARD / CAMEL,5803
MUSTARD / BLACK,5804
DARK RUST,5805
GRASS GREEN,5806
OLD PINK,5807
BLACK / WARM NUDE,5808
RUST / CHOCOLATE,5809
WINE / OLD PINK,5810
GREEN / NUDE,5811
OFF WITHE / NUDE,5812
ECRU / DARK COFFE,5813
NAVY / ROSE,5814
WARM NUDE / CHOCOLATE / FOREST GREEN,5815
WARM NUDE / WINE / BLACK,5816
GREEN / ROSE,5817
MILITARY GREEN / LIME,5818
RED / NUDE,5819
WARM NUDE / CAMEL,5820
COGNAC / NUDE,5821
DARK CHOCOLATE / NUDE,5822
RUST / BEIGE,5823
WINE / BEIGE,5824
RED / YELLOW / BLACK,5825
DARK BROWN / ECRU / WARM BROWN,5826
LEOPARD / CHOCOLATE,5827
CHOCOLATE / SILVER,5828
GOLD / DARK RUST,5829
GOLD / LIGHT GREEN,5830
DARK RUST / GOLD,5831
WARM NUDE / GOLD,5832
CHOCOLATE / GOLD,5833
BURGUNDY / GOLD,5834
BLACK / BURGUNDY,5835
ECRU / BURGUNDY,5836
BURGUNDY / ECRU,5837
DARK COFFEE / GOLD / SAND,5838
ECRU / GOLD / WINE,5839
CHOCOLATE / GOLD / WARM NUDE,5840
CHOCOLATE / WARM NUDE,5841
WINE / SILVER,5842
DUNE / RUST,5843
RUST / DUNE,5844
BLACK / ECRU / CHOCOLATE,5845
FOREST GREEN / DARK CHOCOLATE,5846
WINE / DARK RUST,5847
CHOCOLATE / BLACK,5848
BLUSH PINK / ECRU,5849
BLACK / DARK RUST,5850
WARM NUDE / SILVER,5851
DARK MARSALA,5852
SAND / DARK RUST,5853
DARK RUST / SAND,5854
CHOCOLATE / LIGHT GREEN,5855
BLACK / ECRU / WINE,5856
WINE / BURGUNDY,5857
DARK RUST / BLACK,5858
GOLD / TURQUOISE,5859
BLACK / COPPER,5860
DARK COFFEE / GRASS GREEN,5861
DARK RUST / GOLD / WINE,5862
CAMEL / GOLD / CHOCOLATE,5863
CAMEL / SILVER,5864
GREY / CAMEL,5865
ECRU / ORANGE,5866
LIGHT MOCCA,5867
OLIVE / SALMON,5868
GREEN / SALMON,5869
ECRU / CINNAMON,5870
WINE / ROSE,5871
ECRU / NAVY / WINE,5872
ECRU / DARK COFFE / LIGHT GREEN,5873
SALMON / GREEN,5874
ECRU / GREEN GRASS,5875
PURPLE / GOLD,5876
KHAKI / GOLD,5877
DARK GREEN / GOLD,5878
TERRACOTA / RED,5879
BROWN / TERRACOTA,5880
NAVY / PEACH,5881
BLACK / PINK,5882
GOLDEN GLOW / CHOCOLATE,5883
KHAKI / GOLDEN GLOW,5884
DARK GREEN / GOLDEN GLOW,5885
MOCCA / SILVER,5886
PURPLE / ROSE,5887
CHOCOLATE / GOLDEN GLOW,5888
METALLIC GRAY,5889
GOLDEN GLOW,5890
BLACK / GOLDEN GLOW,5891
BLACK / METALLIC GRAY,5892
PURPLE / GOLDEN GLOW,5893
ANTIQUE GOLD / JADE ,5894
GOLD / GREEN,5895
GOLD / AVENTURINA,5896
GOLD / AGATA,5897
GOLD / JASPER / CARNELIA,5898
GOLD / GREEN / PINK,5899
GOLD / GREEN / ROSE,5900
GOLD / CORALINA / GREEN,5901
GOLD / JASPER / PINK,5902
GOLD / PINK,5903
GOLD / CORNALINA,5904
CHAMPAGNE / BLACK,5905
GOLD / AVENTURINE,5906
GOLD / JASPER / CARNELIAN,5907
BEIGE / CHOCOLATE,5908
CAMEL / COPPER,5909
GOLD / GREEN QUARTZ,5910
GOLD / ROSE QUARTZ,5911
MAROON / MILITARY GREEN,5912
ECRU / GOLDEN GLOW,5913
BLACK / RED,5914
PURPLE / RED,5915
GOLDEN GLOW / PURPLE,5916
GOLDEN GLOW / BLACK,5917
METALLIC GRAY / BLACK,5918
CARAMEL CAFE,5919
CHIVE,5920
BLACK / DARK SILVER,5921
BEIGE / CAMEL,5922
BEIGE / BRONCE,5923
BURGUNDY / ROSE,5924
ECRU / BROWN / BLUE,5925
GOLDEN GLOW / BURGUNDY,5926
BURGUNDY / RED,5927
GOLD / BURGUNDY,5928
GOLDEN GLOW / PINK,5929
BROWN / CHAMPAGNE,5930
NUDE / ANTIQUE GOLD,5931
BLACK / JADE / ANTIQUE GOLD,5932
WINE / GOLDEN,5933
DARK CHOCOLATE / GOLDEN,5934
DARK CHOCOLATE / GOLDEN GLOW,5935
GOLD / MOCCA,5936
BLACK / MAROON,5937
BLACK / RUST,5938
CAMEL / RUST,5939
DEEP FOREST / ECRU,5940
MAROON / ECRU,5941
RUST / BLACK,5942
WINE / NAVY,5943
MUSTARD / WINE,5944
OLIVE GREEN / CHOCOLATE,5945
RED / CHOCOLATE,5946
ECRU / BONE,5947
MAROON / BONE,5948
CAMEL / CHOCOLATE,5949
DEEP GREEN / ECRU,5950
CHOCOLATE / WINE,5951
CHOCOLATE / OLIVE GREEN,5952
CHOCOLATE / CAMEL,5953
RED / CHOCOLATE / ECRU,5954
DEEP GREEN / CHOCOLATE / ECRU,5955
WINE / GREEN,5956
YELLOW / GREEN,5957
YELLOW / ECRU,5958
ECRU / CHOCOLATE / BLACK,5959
SAND / ECRU,5960
WINE / PALE ROSE,5961
FOREST GREEN / COGNAC,5962
BLACK / FOREST GREEN,5963
CHCOLATE / ECRU,5964
GOLDEN GLOW / WINE,5965
SALMON / SAND,5966
SAND / NUDE,5967
PALE ROSE / SAND,5968
FERN GREEN / ECRU,5969
CHOCOLATE / GREEN,5970
CHOCOLATE / CARMINE,5971
CHOCOLATE / PALE ROSE,5972
GOLDEN GLOW / JADE,5973
GOLDEN GLOW / SALMON,5974
GOLDEN GLOW / ECRU,5975
NUDE / GOLDEN GLOW,5976
FOREST / GOLDEN GLOW,5977
WINE / GOLDEN GLOW,5978
WOOD CROCO / ECRU,5979
GOLDEN GLOW / GREEN,5980
NATURAL / WINE,5981
ECRU / NAVY / CHOCOLATE,5982
OLIVE / NUDE,5983
WINE / RED / ECRU,5984
PEACH / CHOCOLATE / ECRU,5985
SALMON / CHOCOLATE,5986
MINT / WINE,5987
GREEN / ECRU / BLACK,5988
GREEN / JADE,5989
GREEN / ECRU / RUST,5990
NAVY / SKY BLUE,5991
BROWN / PINK,5992
DARK CHOCOLATE / SILVER,5993
CAMEL / COGNAC,5994
ECRU / NAVY / COGNAC,5995
ECRU / BLACK / COGNAC,5996
RUST / SALMON,5997
GOLDEN GLOW / CAMEL,5998
EMERALD / BLACK,5999
PEACH / WINE,6000
BLACK / WINE,6001
PEACH / GREEN,6002
LEAF GREEN,6003
NUDE / COGNAC,6004
,6005